City,TechTag,Url,Country,IsPremium,FirstDetected,TechDescription,State,Lookup,Telephones,LastDetected,Social,TechName,Domain,CompanyName,TechCategories,TechLink,Postcode,Emails
Sydney,cdns,,AU,yes,2013-12-05T23:00:00,Amazon CloudFront delivers your static and streaming content using a global network of edge locations.,NSW,builtwith.com,+61-300-558745 | +1-650-618-3949,2018-04-30T23:00:00,http://twitter.com/builtwith | http://facebook.com/builtwith | http://linkedin.com/company/builtwith | http://google.com/+builtwithdotcom,Amazon CloudFront,builtwith.com,BuiltWith,Edge Delivery Network,http://aws.amazon.com/cloudfront/,2000,support@builtwith.com
Sydney,framework,,AU,no,2015-05-06T04:30:32,ASP.NET version 4.0.*,NSW,builtwith.com,+61-300-558745 | +1-650-618-3949,2018-04-26T23:00:00,http://twitter.com/builtwith | http://facebook.com/builtwith | http://linkedin.com/company/builtwith | http://google.com/+builtwithdotcom,ASP.NET 4.0,builtwith.com,BuiltWith,,http://www.microsoft.com/net,2000,support@builtwith.com
Sydney,javascript,,AU,no,2015-05-06T04:30:32,jQuery version 1.9.1,NSW,builtwith.com,+61-300-558745 | +1-650-618-3949,2018-05-02T23:00:00,http://twitter.com/builtwith | http://facebook.com/builtwith | http://linkedin.com/company/builtwith | http://google.com/+builtwithdotcom,jQuery 1.9.1,builtwith.com,BuiltWith,,http://blog.jquery.com/2013/02/04/jquery-1-9-1-released/,2000,support@builtwith.com
Sydney,analytics,,AU,no,2013-09-12T23:00:00,"This page is connected to more than one Google Analytics, meaning it is sending tracking data two or more Google Analytics profiles.",NSW,builtwith.com,+61-300-558745 | +1-650-618-3949,2018-02-15T23:00:00,http://twitter.com/builtwith | http://facebook.com/builtwith | http://linkedin.com/company/builtwith | http://google.com/+builtwithdotcom,Google Analytics Multiple Trackers,builtwith.com,BuiltWith,,https://developers.google.com/analytics/devguides/collection/gajs/,2000,support@builtwith.com
Sydney,framework,,AU,no,2013-09-05T23:00:00,PHP is a widely-used general-purpose scripting language that is especially suited for Web development and can be embedded into HTML.,NSW,builtwith.com,+61-300-558745 | +1-650-618-3949,2018-05-02T23:00:00,http://twitter.com/builtwith | http://facebook.com/builtwith | http://linkedin.com/company/builtwith | http://google.com/+builtwithdotcom,PHP,builtwith.com,BuiltWith,Programming Language,http://www.php.net,2000,support@builtwith.com
Sydney,ssl,,AU,no,2013-07-02T23:00:00,Comodo Positive SSL certificate.,NSW,builtwith.com,+61-300-558745 | +1-650-618-3949,2018-03-02T23:00:00,http://twitter.com/builtwith | http://facebook.com/builtwith | http://linkedin.com/company/builtwith | http://google.com/+builtwithdotcom,Comodo PositiveSSL,builtwith.com,BuiltWith,,http://www.positivessl.com/ssl-certificate-positivessl.php,2000,support@builtwith.com
Sydney,ssl,,AU,no,2013-07-02T23:00:00,Wildcard certificate from Comodo.,NSW,builtwith.com,+61-300-558745 | +1-650-618-3949,2016-10-17T23:00:00,http://twitter.com/builtwith | http://facebook.com/builtwith | http://linkedin.com/company/builtwith | http://google.com/+builtwithdotcom,Comodo PositiveSSL Wildcard,builtwith.com,BuiltWith,Wildcard,http://www.positivessl.com/ssl-certificate-positivessl_wildcard.php,2000,support@builtwith.com
Sydney,ssl,,AU,no,2013-07-02T23:00:00,Certificate provided by Comodo.,NSW,builtwith.com,+61-300-558745 | +1-650-618-3949,2018-04-30T23:00:00,http://twitter.com/builtwith | http://facebook.com/builtwith | http://linkedin.com/company/builtwith | http://google.com/+builtwithdotcom,Comodo SSL,builtwith.com,BuiltWith,Root Authority,http://comodo.com,2000,support@builtwith.com
Sydney,cdn,,AU,no,2015-05-06T04:30:32,"The AJAX Libraries API is a content distribution network and loading architecture for the most popular, open source JavaScript libraries.",NSW,builtwith.com,+61-300-558745 | +1-650-618-3949,2018-04-26T23:00:00,http://twitter.com/builtwith | http://facebook.com/builtwith | http://linkedin.com/company/builtwith | http://google.com/+builtwithdotcom,AJAX Libraries API,builtwith.com,BuiltWith,,http://code.google.com/apis/ajaxlibs/documentation/,2000,support@builtwith.com
Sydney,ns,,AU,no,2013-06-10T23:00:00,Amazon's scalable DNS web service system.,NSW,builtwith.com,+61-300-558745 | +1-650-618-3949,2018-04-30T23:00:00,http://twitter.com/builtwith | http://facebook.com/builtwith | http://linkedin.com/company/builtwith | http://google.com/+builtwithdotcom,Amazon Route 53,builtwith.com,BuiltWith,Enterprise DNS,http://aws.amazon.com/route53/,2000,support@builtwith.com
Sydney,ns,,AU,no,2012-09-06T23:00:00,DNS services provided by Namecheap.,NSW,builtwith.com,+61-300-558745 | +1-650-618-3949,2013-06-14T23:00:00,http://twitter.com/builtwith | http://facebook.com/builtwith | http://linkedin.com/company/builtwith | http://google.com/+builtwithdotcom,Namecheap DNS,builtwith.com,BuiltWith,,http://namecheap.com,2000,support@builtwith.com
Sydney,javascript,,AU,no,2015-05-06T04:30:32,"JQuery is a fast, concise, JavaScript Library that simplifies how you traverse HTML documents, handle events, perform animations, and add Ajax interactions to your web pages. jQuery is designed to change the way that you write JavaScript.",NSW,builtwith.com,+61-300-558745 | +1-650-618-3949,2018-05-02T23:00:00,http://twitter.com/builtwith | http://facebook.com/builtwith | http://linkedin.com/company/builtwith | http://google.com/+builtwithdotcom,jQuery,builtwith.com,BuiltWith,JavaScript Library,http://jquery.com,2000,support@builtwith.com
Sydney,javascript,,AU,no,2013-03-26T13:00:00,"jQuery UI provides abstractions for low-level interaction and animation, advanced effects and high-level, themeable widgets, built on top of the jQuery JavaScript Library, that you can use to build highly interactive web applications.",NSW,builtwith.com,+61-300-558745 | +1-650-618-3949,2018-05-02T23:00:00,http://twitter.com/builtwith | http://facebook.com/builtwith | http://linkedin.com/company/builtwith | http://google.com/+builtwithdotcom,jQuery UI,builtwith.com,BuiltWith,jQuery Plugin | UI,http://jqueryui.com/,2000,support@builtwith.com
Sydney,mx,,AU,yes,2013-03-26T13:00:00,"Organize, prioritize and engage with others on support requests.",NSW,builtwith.com,+61-300-558745 | +1-650-618-3949,2018-04-30T23:00:00,http://twitter.com/builtwith | http://facebook.com/builtwith | http://linkedin.com/company/builtwith | http://google.com/+builtwithdotcom,Zendesk,builtwith.com,BuiltWith,CRM | Ticketing System,http://www.zendesk.com/,2000,support@builtwith.com
Sydney,mx,,AU,no,2012-09-06T14:00:00,Namecheap email hosting solution.,NSW,builtwith.com,+61-300-558745 | +1-650-618-3949,2013-05-30T14:00:00,http://twitter.com/builtwith | http://facebook.com/builtwith | http://linkedin.com/company/builtwith | http://google.com/+builtwithdotcom,Namecheap,builtwith.com,BuiltWith,Web Hosting Provider Email,http://www.namecheap.com/,2000,support@builtwith.com
Sydney,javascript,,AU,no,2011-12-18T13:00:00,"FancyBox is a tool for displaying images, html content and multi-media in a Mac-style ""lightbox"" that floats overtop of web page. ",NSW,builtwith.com,+61-300-558745 | +1-650-618-3949,2018-02-06T13:00:00,http://twitter.com/builtwith | http://facebook.com/builtwith | http://linkedin.com/company/builtwith | http://google.com/+builtwithdotcom,Fancybox,builtwith.com,BuiltWith,Lightbox,http://fancybox.net/,2000,support@builtwith.com
Sydney,widgets,,AU,no,2012-12-31T13:00:00,Typekit is the easiest way to use real fonts on the web. It's a subscription-based service for linking to high-quality Open Type fonts from some of the worlds best type foundries. ,NSW,builtwith.com,+61-300-558745 | +1-650-618-3949,2014-09-11T23:00:00,http://twitter.com/builtwith | http://facebook.com/builtwith | http://linkedin.com/company/builtwith | http://google.com/+builtwithdotcom,Typekit,builtwith.com,BuiltWith,,http://typekit.com,2000,support@builtwith.com
Sydney,ads,,AU,no,2015-05-06T04:30:32,"DoubleClick enables agencies, marketers and publishers to work together successfully and profit from their digital marketing investments.",NSW,builtwith.com,+61-300-558745 | +1-650-618-3949,2018-04-26T23:00:00,http://twitter.com/builtwith | http://facebook.com/builtwith | http://linkedin.com/company/builtwith | http://google.com/+builtwithdotcom,DoubleClick.Net,builtwith.com,BuiltWith,,http://www.doubleclick.com,2000,support@builtwith.com
Sydney,widgets,,AU,maybe,2012-05-31T14:00:00,MailChimp is a widely used Mailng List delivery and support service.,NSW,builtwith.com,+61-300-558745 | +1-650-618-3949,2013-06-06T23:00:00,http://twitter.com/builtwith | http://facebook.com/builtwith | http://linkedin.com/company/builtwith | http://google.com/+builtwithdotcom,MailChimp,builtwith.com,BuiltWith,Feedback Forms and Surveys,http://www.mailchimp.com,2000,support@builtwith.com
Sydney,javascript,,AU,no,2011-05-02T14:00:00,Loads head scripts in parallel to prevent script blocking.,NSW,builtwith.com,+61-300-558745 | +1-650-618-3949,2013-06-06T23:00:00,http://twitter.com/builtwith | http://facebook.com/builtwith | http://linkedin.com/company/builtwith | http://google.com/+builtwithdotcom,Head JS,builtwith.com,BuiltWith,,http://headjs.com/,2000,support@builtwith.com
Sydney,javascript,,AU,no,2011-05-02T14:00:00,sIFR replacement cufon with simpler and easier to use functionality. Shows fonts in a nice format.,NSW,builtwith.com,+61-300-558745 | +1-650-618-3949,2014-09-11T23:00:00,http://twitter.com/builtwith | http://facebook.com/builtwith | http://linkedin.com/company/builtwith | http://google.com/+builtwithdotcom,cuf√≥n,builtwith.com,BuiltWith,,http://wiki.github.com/sorccu/cufon/about,2000,support@builtwith.com
Sydney,mx,,AU,yes,2012-08-09T14:00:00,Campaign Monitor  sends email newsletters and helps see the results.,NSW,builtwith.com,+61-300-558745 | +1-650-618-3949,2014-10-06T02:37:08,http://twitter.com/builtwith | http://facebook.com/builtwith | http://linkedin.com/company/builtwith | http://google.com/+builtwithdotcom,Campaign Monitor,builtwith.com,BuiltWith,Campaign Management,http://www.campaignmonitor.com/,2000,support@builtwith.com
Sydney,mx,,AU,yes,2012-08-09T14:00:00,Email delivery for web apps.,NSW,builtwith.com,+61-300-558745 | +1-650-618-3949,2018-04-30T23:00:00,http://twitter.com/builtwith | http://facebook.com/builtwith | http://linkedin.com/company/builtwith | http://google.com/+builtwithdotcom,Postmark,builtwith.com,BuiltWith,Transactional Email,http://postmarkapp.com,2000,support@builtwith.com
Sydney,mx,,AU,no,2011-09-11T14:00:00,"Web-based email, calendar, and documents for teams. Renamed to Google Apps for Work, but now known as G Suite From Google Cloud.",NSW,builtwith.com,+61-300-558745 | +1-650-618-3949,2018-04-30T23:00:00,http://twitter.com/builtwith | http://facebook.com/builtwith | http://linkedin.com/company/builtwith | http://google.com/+builtwithdotcom,Google Apps for Business,builtwith.com,BuiltWith,Business Email Hosting,http://www.google.com/a,2000,support@builtwith.com
Sydney,feeds,,AU,no,2011-01-03T13:00:00,"A family of web feed formats used to publish frequently updated content such as blog entries, news headlines or podcasts.",NSW,builtwith.com,+61-300-558745 | +1-650-618-3949,2018-02-15T23:00:00,http://twitter.com/builtwith | http://facebook.com/builtwith | http://linkedin.com/company/builtwith | http://google.com/+builtwithdotcom,RSS,builtwith.com,BuiltWith,,http://en.wikipedia.org/wiki/RSS_(file_format),2000,support@builtwith.com
Sydney,feeds,,AU,no,2011-01-03T13:00:00,FeedBurner is the leading provider of media distribution and audience engagement services for blogs and RSS feeds.,NSW,builtwith.com,+61-300-558745 | +1-650-618-3949,2013-06-06T23:00:00,http://twitter.com/builtwith | http://facebook.com/builtwith | http://linkedin.com/company/builtwith | http://google.com/+builtwithdotcom,FeedBurner,builtwith.com,BuiltWith,,http://feedburner.com,2000,support@builtwith.com
Sydney,Web Master,,AU,no,2011-01-03T13:00:00,The website has been registered at Yahoo Site Explorer.,NSW,builtwith.com,+61-300-558745 | +1-650-618-3949,2011-03-02T13:00:00,http://twitter.com/builtwith | http://facebook.com/builtwith | http://linkedin.com/company/builtwith | http://google.com/+builtwithdotcom,Yahoo Site Explorer,builtwith.com,BuiltWith,,http://siteexplorer.search.yahoo.com/,2000,support@builtwith.com
Sydney,Web Master,,AU,no,2011-01-03T13:00:00,Webmaster tools provide you with a free and easy way to make your site more Google-friendly.,NSW,builtwith.com,+61-300-558745 | +1-650-618-3949,2018-02-15T23:00:00,http://twitter.com/builtwith | http://facebook.com/builtwith | http://linkedin.com/company/builtwith | http://google.com/+builtwithdotcom,Google Webmaster,builtwith.com,BuiltWith,,http://www.google.com/webmasters/,2000,support@builtwith.com
Sydney,Web Master,,AU,no,2011-01-03T13:00:00,Site registered at MSN/Bing Webmaster.,NSW,builtwith.com,+61-300-558745 | +1-650-618-3949,2011-03-02T13:00:00,http://twitter.com/builtwith | http://facebook.com/builtwith | http://linkedin.com/company/builtwith | http://google.com/+builtwithdotcom,MSN/Bing Webmaster,builtwith.com,BuiltWith,,http://webmaster.live.com,2000,support@builtwith.com
Sydney,analytics,,AU,no,2015-05-06T04:30:32,Google Analytics offers a host of compelling features and benefits for everyone from senior executives and advertising and marketing professionals to site owners and content developers.,NSW,builtwith.com,+61-300-558745 | +1-650-618-3949,2018-04-26T23:00:00,http://twitter.com/builtwith | http://facebook.com/builtwith | http://linkedin.com/company/builtwith | http://google.com/+builtwithdotcom,Google Analytics,builtwith.com,BuiltWith,Application Performance | Audience Measurement | Visitor Count Tracking,http://google.com/analytics,2000,support@builtwith.com
Sydney,analytics,,AU,no,2011-01-03T13:00:00,Reinvigorate is a analytical tool that provides to the minute information about visitors to your site.,NSW,builtwith.com,+61-300-558745 | +1-650-618-3949,2011-03-02T13:00:00,http://twitter.com/builtwith | http://facebook.com/builtwith | http://linkedin.com/company/builtwith | http://google.com/+builtwithdotcom,Reinvigorate,builtwith.com,BuiltWith,,http://reinvigorate.net,2000,support@builtwith.com
Sydney,widgets,,AU,maybe,2011-01-03T13:00:00,A feedback tool for users to offer suggestions for improvements to the site,NSW,builtwith.com,+61-300-558745 | +1-650-618-3949,2011-03-02T13:00:00,http://twitter.com/builtwith | http://facebook.com/builtwith | http://linkedin.com/company/builtwith | http://google.com/+builtwithdotcom,UserVoice,builtwith.com,BuiltWith,Feedback Forms and Surveys,http://uservoice.com,2000,support@builtwith.com
Sydney,CDN,,AU,no,2011-01-03T13:00:00,This page contains links that give the impression that some of the site contents are stored on a content delivery network.,NSW,builtwith.com,+61-300-558745 | +1-650-618-3949,2014-05-21T23:00:00,http://twitter.com/builtwith | http://facebook.com/builtwith | http://linkedin.com/company/builtwith | http://google.com/+builtwithdotcom,Content Delivery Network,builtwith.com,BuiltWith,,http://en.wikipedia.org/wiki/Content_Delivery_Network,2000,support@builtwith.com
Sydney,Web Server,,AU,no,2015-05-06T04:30:32,This website is running on a Microsoft IIS Server solution.,NSW,builtwith.com,+61-300-558745 | +1-650-618-3949,2018-04-26T23:00:00,http://twitter.com/builtwith | http://facebook.com/builtwith | http://linkedin.com/company/builtwith | http://google.com/+builtwithdotcom,IIS,builtwith.com,BuiltWith,Windows Web Server,http://www.microsoft.com/servers/home.mspx,2000,support@builtwith.com
Sydney,Web Server,,AU,no,2011-01-03T13:00:00,Internet-based services for servers using Microsoft Windows.,NSW,builtwith.com,+61-300-558745 | +1-650-618-3949,2014-09-15T05:12:20,http://twitter.com/builtwith | http://facebook.com/builtwith | http://linkedin.com/company/builtwith | http://google.com/+builtwithdotcom,IIS 7,builtwith.com,BuiltWith,Windows Web Server,http://www.iis.net,2000,support@builtwith.com
Sydney,framework,,AU,no,2015-05-06T04:30:32,"ASP.NET is a web application framework marketed by Microsoft that programmers can use to build dynamic web sites, web applications and XML web services. It is part of Microsoft's .NET platform and is the successor to Microsoft's Active Server Pages (ASP) technology.",NSW,builtwith.com,+61-300-558745 | +1-650-618-3949,2018-04-26T23:00:00,http://twitter.com/builtwith | http://facebook.com/builtwith | http://linkedin.com/company/builtwith | http://google.com/+builtwithdotcom,ASP.NET,builtwith.com,BuiltWith,Programming Language,http://www.asp.net,2000,support@builtwith.com
Sydney,hosting,,AU,no,2012-08-23T14:00:00,German based dedicated and virtual hosting running on 100% green energy.,NSW,builtwith.com,+61-300-558745 | +1-650-618-3949,2013-08-18T23:00:00,http://twitter.com/builtwith | http://facebook.com/builtwith | http://linkedin.com/company/builtwith | http://google.com/+builtwithdotcom,Hetzner,builtwith.com,BuiltWith,Dedicated Hosting | German hosting,http://www.hetzner.de,2000,support@builtwith.com
Sydney,hosting,,AU,no,2014-01-08T23:00:00,OVH European based hosting solution.,NSW,builtwith.com,+61-300-558745 | +1-650-618-3949,2018-04-30T23:00:00,http://twitter.com/builtwith | http://facebook.com/builtwith | http://linkedin.com/company/builtwith | http://google.com/+builtwithdotcom,OVH,builtwith.com,BuiltWith,Canadian hosting | Dedicated Hosting | French hosting,http://www.ovh.co.uk,2000,support@builtwith.com
Sydney,javascript,,AU,no,2014-01-21T03:14:59,Adds sort ability to a bootstrap table.,NSW,builtwith.com,+61-300-558745 | +1-650-618-3949,2018-04-24T23:00:00,http://twitter.com/builtwith | http://facebook.com/builtwith | http://linkedin.com/company/builtwith | http://google.com/+builtwithdotcom,Bootstrap Sortable,builtwith.com,BuiltWith,,https://github.com/drvic10k/bootstrap-sortable,2000,support@builtwith.com
Sydney,javascript,,AU,no,2014-01-21T03:14:59,Retina.js is an open source script that makes it easy to serve high-resolution images to devices with retina displays.,NSW,builtwith.com,+61-300-558745 | +1-650-618-3949,2016-10-15T23:00:00,http://twitter.com/builtwith | http://facebook.com/builtwith | http://linkedin.com/company/builtwith | http://google.com/+builtwithdotcom,Retina JS,builtwith.com,BuiltWith,Media,http://retinajs.com/,2000,support@builtwith.com
Sydney,widgets,,AU,no,2014-01-21T03:14:59,D3-based library for building custom charts and graphs,NSW,builtwith.com,+61-300-558745 | +1-650-618-3949,2018-04-24T23:00:00,http://twitter.com/builtwith | http://facebook.com/builtwith | http://linkedin.com/company/builtwith | http://google.com/+builtwithdotcom,xCharts,builtwith.com,BuiltWith,Charting,http://tenxer.github.io/xcharts/,2000,support@builtwith.com
Sydney,widgets,,AU,no,2014-03-04T23:05:28,"Allows users to Like items they find on the web, similar to how you Like items within Facebook.",NSW,builtwith.com,+61-300-558745 | +1-650-618-3949,2015-05-02T08:49:30,http://twitter.com/builtwith | http://facebook.com/builtwith | http://linkedin.com/company/builtwith | http://google.com/+builtwithdotcom,Facebook Like,builtwith.com,BuiltWith,Social Sharing,http://developers.facebook.com/docs/reference/plugins/like,2000,support@builtwith.com
Sydney,mx,,AU,no,2014-04-09T23:00:00,The Sender Policy Framework is an open standard specifying a technical method to prevent sender address forgery.,NSW,builtwith.com,+61-300-558745 | +1-650-618-3949,2018-04-30T23:00:00,http://twitter.com/builtwith | http://facebook.com/builtwith | http://linkedin.com/company/builtwith | http://google.com/+builtwithdotcom,SPF,builtwith.com,BuiltWith,Standard,http://www.openspf.org/,2000,support@builtwith.com
Sydney,analytics,,AU,no,2014-04-24T03:56:51,"The analytics.js JavaScript snippet is a new way to measure how users interact with your website. It is similar to the previous Google tracking code, ga.js, but offers more flexibility for developers to customize their implementations.",NSW,builtwith.com,+61-300-558745 | +1-650-618-3949,2018-04-26T23:00:00,http://twitter.com/builtwith | http://facebook.com/builtwith | http://linkedin.com/company/builtwith | http://google.com/+builtwithdotcom,Google Universal Analytics,builtwith.com,BuiltWith,,https://developers.google.com/analytics/devguides/collection/analyticsjs/,2000,support@builtwith.com
Sydney,Web Server,,AU,no,2015-05-06T04:30:32,Internet-based services for servers using Microsoft Windows.,NSW,builtwith.com,+61-300-558745 | +1-650-618-3949,2018-04-26T23:00:00,http://twitter.com/builtwith | http://facebook.com/builtwith | http://linkedin.com/company/builtwith | http://google.com/+builtwithdotcom,IIS 8,builtwith.com,BuiltWith,Windows Web Server,http://www.iis.net,2000,support@builtwith.com
Sydney,mx,,AU,no,2014-09-11T23:00:00,A technical specification created by a group of organizations that want to help reduce the potential for email-based abuse,NSW,builtwith.com,+61-300-558745 | +1-650-618-3949,2018-02-01T23:00:00,http://twitter.com/builtwith | http://facebook.com/builtwith | http://linkedin.com/company/builtwith | http://google.com/+builtwithdotcom,DMARC,builtwith.com,BuiltWith,Standard,http://www.dmarc.org,2000,support@builtwith.com
Sydney,widgets,,AU,no,2015-05-06T04:30:32,"With Google sitelinks search box, people can reach your content more quickly from search results.",NSW,builtwith.com,+61-300-558745 | +1-650-618-3949,2018-04-26T23:00:00,http://twitter.com/builtwith | http://facebook.com/builtwith | http://linkedin.com/company/builtwith | http://google.com/+builtwithdotcom,Sitelinks Search Box,builtwith.com,BuiltWith,Site Search,https://developers.google.com/webmasters/richsnippets/sitelinkssearch?utm_source=wmc-blog&utm_medium=direct-referral&utm_campaign=sitelinks-searchbox,2000,support@builtwith.com
Sydney,mobile,,AU,no,2015-05-06T04:30:32,This page uses the viewport meta tag which means the content may be optimized for mobile content.,NSW,builtwith.com,+61-300-558745 | +1-650-618-3949,2018-05-02T23:00:00,http://twitter.com/builtwith | http://facebook.com/builtwith | http://linkedin.com/company/builtwith | http://google.com/+builtwithdotcom,Viewport Meta,builtwith.com,BuiltWith,,https://developers.google.com/speed/docs/insights/ConfigureViewport,2000,support@builtwith.com
Sydney,css,,AU,no,2014-10-22T23:00:00,A CSS media query to display specific CSS if a device greater than the minimum width specified.,NSW,builtwith.com,+61-300-558745 | +1-650-618-3949,2018-04-23T23:00:00,http://twitter.com/builtwith | http://facebook.com/builtwith | http://linkedin.com/company/builtwith | http://google.com/+builtwithdotcom,Min Width,builtwith.com,BuiltWith,,http://www.w3.org/TR/css3-mediaqueries/,2000,support@builtwith.com
Sydney,css,,AU,no,2014-10-22T23:00:00,Media query to limit CSS to display for devices with a maximum width defined.,NSW,builtwith.com,+61-300-558745 | +1-650-618-3949,2018-04-23T23:00:00,http://twitter.com/builtwith | http://facebook.com/builtwith | http://linkedin.com/company/builtwith | http://google.com/+builtwithdotcom,Max Width,builtwith.com,BuiltWith,,http://www.w3.org/TR/css3-mediaqueries/,2000,support@builtwith.com
Sydney,css,,AU,no,2015-03-03T00:00:00,"Describes the width of the output device (meaning the entire screen or page, rather than just the rendering area, such as the document window).",NSW,builtwith.com,+61-300-558745 | +1-650-618-3949,2018-04-24T23:00:00,http://twitter.com/builtwith | http://facebook.com/builtwith | http://linkedin.com/company/builtwith | http://google.com/+builtwithdotcom,Device Width,builtwith.com,BuiltWith,,https://developer.mozilla.org/en-US/docs/Web/Guide/CSS/Media_queries#device-width,2000,support@builtwith.com
Sydney,css,,AU,no,2015-03-03T00:00:00,CSS Orientation Media Query,NSW,builtwith.com,+61-300-558745 | +1-650-618-3949,2018-04-24T23:00:00,http://twitter.com/builtwith | http://facebook.com/builtwith | http://linkedin.com/company/builtwith | http://google.com/+builtwithdotcom,Orientation,builtwith.com,BuiltWith,,https://developer.mozilla.org/en-US/docs/Web/Guide/CSS/Media_queries#orientation,2000,support@builtwith.com
Sydney,css,,AU,no,2015-03-03T00:00:00,"A media query to display different CSS based on the device pixel ratio. Standard screens have a pixel ratio of 1, retina devices have a pixel ratio greater than 1.",NSW,builtwith.com,+61-300-558745 | +1-650-618-3949,2018-04-23T23:00:00,http://twitter.com/builtwith | http://facebook.com/builtwith | http://linkedin.com/company/builtwith | http://google.com/+builtwithdotcom,Device Pixel Ratio,builtwith.com,BuiltWith,,http://www.hongkiat.com/blog/css-retina-display/,2000,support@builtwith.com
Sydney,javascript,,AU,no,2015-05-06T23:00:00,"Google Hosted Libraries is a globally available content distribution network for the most popular, open-source JavaScript libraries.",NSW,builtwith.com,+61-300-558745 | +1-650-618-3949,2018-04-26T23:00:00,http://twitter.com/builtwith | http://facebook.com/builtwith | http://linkedin.com/company/builtwith | http://google.com/+builtwithdotcom,Google Hosted Libraries,builtwith.com,BuiltWith,,https://developers.google.com/speed/libraries/,2000,support@builtwith.com
Sydney,javascript,,AU,no,2015-05-06T23:00:00,jQuery hoted at Google.,NSW,builtwith.com,+61-300-558745 | +1-650-618-3949,2018-04-26T23:00:00,http://twitter.com/builtwith | http://facebook.com/builtwith | http://linkedin.com/company/builtwith | http://google.com/+builtwithdotcom,Google Hosted jQuery,builtwith.com,BuiltWith,,https://developers.google.com/speed/libraries/,2000,support@builtwith.com
Sydney,ssl,,AU,yes,2016-01-09T01:37:15,Comodo Extended Validation (EV) SSL certificates.,NSW,builtwith.com,+61-300-558745 | +1-650-618-3949,2018-04-30T23:00:00,http://twitter.com/builtwith | http://facebook.com/builtwith | http://linkedin.com/company/builtwith | http://google.com/+builtwithdotcom,Comodo EV,builtwith.com,BuiltWith,Extended Validation,http://ssl.comodo.com/ev-ssl-certificates.php,2000,support@builtwith.com
Sydney,analytics,,AU,yes,2016-01-27T07:28:49,A behavioral and reputation based security solution. ,NSW,builtwith.com,+61-300-558745 | +1-650-618-3949,2016-01-27T07:28:49,http://twitter.com/builtwith | http://facebook.com/builtwith | http://linkedin.com/company/builtwith | http://google.com/+builtwithdotcom,Fireblade,builtwith.com,BuiltWith,Fraud Prevention,http://fireblade.com,2000,support@builtwith.com
Sydney,hosting,,AU,no,2016-03-21T23:00:00,This website is on an IP address not shared with other domains - it is more likely this website is not using shared hosting for this reason.,NSW,builtwith.com,+61-300-558745 | +1-650-618-3949,2017-11-07T23:00:00,http://twitter.com/builtwith | http://facebook.com/builtwith | http://linkedin.com/company/builtwith | http://google.com/+builtwithdotcom,Dedicated Hosting,builtwith.com,BuiltWith,,https://en.wikipedia.org/wiki/Dedicated_hosting_service,2000,support@builtwith.com
Sydney,cdn,,AU,no,2016-06-08T23:00:00,"Amazon CloudFront is a web service for content delivery. It integrates with other Amazon Web Services to give developers and businesses an easy way to distribute content to end users with low latency, high data transfer speeds, and no commitments. ",NSW,builtwith.com,+61-300-558745 | +1-650-618-3949,2018-04-26T23:00:00,http://twitter.com/builtwith | http://facebook.com/builtwith | http://linkedin.com/company/builtwith | http://google.com/+builtwithdotcom,CloudFront,builtwith.com,BuiltWith,,http://aws.amazon.com/cloudfront/,2000,support@builtwith.com
Sydney,ssl,,AU,no,2016-10-30T23:00:00,The website redirects traffic to an HTTPS/SSL version by default.,NSW,builtwith.com,+61-300-558745 | +1-650-618-3949,2018-04-23T23:00:00,http://twitter.com/builtwith | http://facebook.com/builtwith | http://linkedin.com/company/builtwith | http://google.com/+builtwithdotcom,SSL by Default,builtwith.com,BuiltWith,,http://trends.builtwith.com/ssl,2000,support@builtwith.com
Sydney,mobile,,AU,no,2016-11-23T23:00:00,"This page contains an icon for iPhone, iPad and iTouch devices.",NSW,builtwith.com,+61-300-558745 | +1-650-618-3949,2018-05-02T23:00:00,http://twitter.com/builtwith | http://facebook.com/builtwith | http://linkedin.com/company/builtwith | http://google.com/+builtwithdotcom,Apple Mobile Web Clips Icon,builtwith.com,BuiltWith,,http://developer.apple.com/library/iOS/#documentation/AppleApplications/Reference/SafariWebContent/ConfiguringWebApplications/ConfiguringWebApplications.html,2000,support@builtwith.com
Sydney,javascript,,AU,no,2017-09-10T23:00:00,TinySort is a small script that sorts HTMLElements.,NSW,builtwith.com,+61-300-558745 | +1-650-618-3949,2018-04-23T23:00:00,http://twitter.com/builtwith | http://facebook.com/builtwith | http://linkedin.com/company/builtwith | http://google.com/+builtwithdotcom,TinySort,builtwith.com,BuiltWith,,http://tinysort.sjeiti.com/,2000,support@builtwith.com
Sydney,javascript,,AU,no,2017-09-10T23:00:00,typeahead.js is an autocomplete library from Twitter.,NSW,builtwith.com,+61-300-558745 | +1-650-618-3949,2018-04-23T23:00:00,http://twitter.com/builtwith | http://facebook.com/builtwith | http://linkedin.com/company/builtwith | http://google.com/+builtwithdotcom,Typeahead.js,builtwith.com,BuiltWith,,https://github.com/twitter/typeahead.js,2000,support@builtwith.com
Sydney,javascript,,AU,no,2017-09-10T23:00:00,Twitter Bootstrap JS components.,NSW,builtwith.com,+61-300-558745 | +1-650-618-3949,2018-04-23T23:00:00,http://twitter.com/builtwith | http://facebook.com/builtwith | http://linkedin.com/company/builtwith | http://google.com/+builtwithdotcom,Bootstrap.js,builtwith.com,BuiltWith,JavaScript Library,https://getbootstrap.com/javascript/,2000,support@builtwith.com
Sydney,javascript,,AU,no,2017-09-10T23:00:00,Spin.js dynamically creates spinning activity indicators.,NSW,builtwith.com,+61-300-558745 | +1-650-618-3949,2018-04-23T23:00:00,http://twitter.com/builtwith | http://facebook.com/builtwith | http://linkedin.com/company/builtwith | http://google.com/+builtwithdotcom,spin.js,builtwith.com,BuiltWith,Animation,http://spin.js.org/,2000,support@builtwith.com
Sydney,javascript,,AU,no,2017-09-10T23:00:00,jQuery form validation plugin.,NSW,builtwith.com,+61-300-558745 | +1-650-618-3949,2018-04-23T23:00:00,http://twitter.com/builtwith | http://facebook.com/builtwith | http://linkedin.com/company/builtwith | http://google.com/+builtwithdotcom,jQuery Validation Plugin,builtwith.com,BuiltWith,Forms and Surveys | jQuery Plugin,https://github.com/jzaefferer/jquery-validation,2000,support@builtwith.com
Sydney,javascript,,AU,no,2017-09-10T23:00:00,Client-side growl-like notifications.,NSW,builtwith.com,+61-300-558745 | +1-650-618-3949,2018-04-23T23:00:00,http://twitter.com/builtwith | http://facebook.com/builtwith | http://linkedin.com/company/builtwith | http://google.com/+builtwithdotcom,HubSpot Messenger,builtwith.com,BuiltWith,,http://github.hubspot.com/messenger/,2000,support@builtwith.com
Sydney,javascript,,AU,no,2017-09-10T23:00:00,Simple overlay instructions for your apps.,NSW,builtwith.com,+61-300-558745 | +1-650-618-3949,2018-04-23T23:00:00,http://twitter.com/builtwith | http://facebook.com/builtwith | http://linkedin.com/company/builtwith | http://google.com/+builtwithdotcom,Chardin.js,builtwith.com,BuiltWith,,https://heelhook.github.io/chardin.js/,2000,support@builtwith.com
Sydney,javascript,,AU,no,2017-10-31T23:00:00,Infinite Carousel is a jQuery plugin that allows you to showcase any number of images and videos in a carousel-like fashion.,NSW,builtwith.com,+61-300-558745 | +1-650-618-3949,2018-04-23T23:00:00,http://twitter.com/builtwith | http://facebook.com/builtwith | http://linkedin.com/company/builtwith | http://google.com/+builtwithdotcom,Infinite Carousel,builtwith.com,BuiltWith,,http://www.catchmyfame.com/catchmyfame-jquery-plugins/jquery-infinite-carousel-plugin/,2000,support@builtwith.com
Sydney,javascript,,AU,no,2017-10-31T23:00:00,D3.js is a JavaScript library for manipulating documents based on data.,NSW,builtwith.com,+61-300-558745 | +1-650-618-3949,2018-04-23T23:00:00,http://twitter.com/builtwith | http://facebook.com/builtwith | http://linkedin.com/company/builtwith | http://google.com/+builtwithdotcom,D3 JS,builtwith.com,BuiltWith,Charting | UI,http://d3js.org/,2000,support@builtwith.com
Sydney,javascript,,AU,no,2017-10-31T23:00:00,JQuery Form Validation Plugin.,NSW,builtwith.com,+61-300-558745 | +1-650-618-3949,2018-04-23T23:00:00,http://twitter.com/builtwith | http://facebook.com/builtwith | http://linkedin.com/company/builtwith | http://google.com/+builtwithdotcom,jQuery Validate,builtwith.com,BuiltWith,Forms and Surveys | jQuery Plugin,http://jqueryvalidation.org,2000,support@builtwith.com
Sydney,javascript,,AU,no,2017-10-31T23:00:00,Slider for Bootstrap.,NSW,builtwith.com,+61-300-558745 | +1-650-618-3949,2018-04-23T23:00:00,http://twitter.com/builtwith | http://facebook.com/builtwith | http://linkedin.com/company/builtwith | http://google.com/+builtwithdotcom,Bootstrap Slider,builtwith.com,BuiltWith,,http://www.eyecon.ro/bootstrap-slider/,2000,support@builtwith.com
Sydney,javascript,,AU,no,2017-10-31T23:00:00,An overloaded scrolling function for jquery.,NSW,builtwith.com,+61-300-558745 | +1-650-618-3949,2018-04-23T23:00:00,http://twitter.com/builtwith | http://facebook.com/builtwith | http://linkedin.com/company/builtwith | http://google.com/+builtwithdotcom,jQuery ScrollTo,builtwith.com,BuiltWith,jQuery Plugin | UI,https://github.com/flesler/jquery.scrollTo,2000,support@builtwith.com
Sydney,javascript,,AU,no,2018-02-15T23:00:00,jQuery version 1.12.4,NSW,builtwith.com,+61-300-558745 | +1-650-618-3949,2018-04-26T23:00:00,http://twitter.com/builtwith | http://facebook.com/builtwith | http://linkedin.com/company/builtwith | http://google.com/+builtwithdotcom,jQuery 1.12.4,builtwith.com,BuiltWith,,https://blog.jquery.com/2016/05/20/jquery-1-12-4-and-2-2-4-released/,2000,support@builtwith.com
Sydney,mx,,AU,yes,2018-02-15T23:00:00,"Amazon Simple Email Service (Amazon SES) is a  scalable, bulk, transactional email-sending service for businesses and developers.",NSW,builtwith.com,+61-300-558745 | +1-650-618-3949,2018-04-30T23:00:00,http://twitter.com/builtwith | http://facebook.com/builtwith | http://linkedin.com/company/builtwith | http://google.com/+builtwithdotcom,Amazon SES,builtwith.com,BuiltWith,Transactional Email,http://aws.amazon.com/ses/,2000,support@builtwith.com
Sydney,cdns,,AU,yes,2018-02-28T23:00:00,Amazon S3 is storage for the Internet. It is designed to make web-scale computing easier for developers.,NSW,builtwith.com,+61-300-558745 | +1-650-618-3949,2018-04-17T23:00:00,http://twitter.com/builtwith | http://facebook.com/builtwith | http://linkedin.com/company/builtwith | http://google.com/+builtwithdotcom,Amazon S3 CDN,builtwith.com,BuiltWith,,http://aws.amazon.com/s3/,2000,support@builtwith.com
Sydney,mapping,dd,AU,no,2013-09-26T23:00:00,Google maps embedded into the webpage.,NSW,builtwith.com,+61-300-558745 | +1-650-618-3949,2017-11-30T23:00:00,http://twitter.com/builtwith | http://facebook.com/builtwith | http://linkedin.com/company/builtwith | http://google.com/+builtwithdotcom,Google Maps,builtwith.com,BuiltWith,Maps,http://www.google.com/apis/maps/,2000,support@builtwith.com
Sydney,cms,dd,AU,no,2013-09-26T23:00:00,Comply with regulations and increase your communications with key stakeholders using the industry's highest quality webcasts and IR websites.,NSW,builtwith.com,+61-300-558745 | +1-650-618-3949,2014-05-04T06:51:25,http://twitter.com/builtwith | http://facebook.com/builtwith | http://linkedin.com/company/builtwith | http://google.com/+builtwithdotcom,Thomson Reuters Corporate Solutions,builtwith.com,BuiltWith,Financial,http://corporatesolutions.thomsonreuters.com,2000,support@builtwith.com
Sydney,widgets,dd,AU,no,2014-01-05T21:39:27,"Add your tweets, favourites or searches as a timeline to the website.",NSW,builtwith.com,+61-300-558745 | +1-650-618-3949,2016-11-23T23:00:00,http://twitter.com/builtwith | http://facebook.com/builtwith | http://linkedin.com/company/builtwith | http://google.com/+builtwithdotcom,Twitter Timeline,builtwith.com,BuiltWith,,http://twitter.com/settings/widgets,2000,support@builtwith.com
Sydney,javascript,dd,AU,no,2014-01-05T21:39:27,The page embeds the Twitter platform in one method or another.,NSW,builtwith.com,+61-300-558745 | +1-650-618-3949,2016-11-23T23:00:00,http://twitter.com/builtwith | http://facebook.com/builtwith | http://linkedin.com/company/builtwith | http://google.com/+builtwithdotcom,Twitter Platform,builtwith.com,BuiltWith,Social SDK,http://twitter.com/about/resources,2000,support@builtwith.com
Sydney,cdn,dd,AU,no,2015-01-12T00:00:00,Google has off-loaded static content (Javascript/Images/CSS) to a different domain name in an effort to reduce bandwidth usage and increase network performance for the end user.,NSW,builtwith.com,+61-300-558745 | +1-650-618-3949,2017-11-30T23:00:00,http://twitter.com/builtwith | http://facebook.com/builtwith | http://linkedin.com/company/builtwith | http://google.com/+builtwithdotcom,GStatic Google Static Content,builtwith.com,BuiltWith,,http://superuser.com/questions/64716/what-is-gstatic-com,2000,support@builtwith.com
Sydney,mapping,dd,AU,no,2015-01-12T00:00:00,Google Maps has a wide array of APIs that let you embed the functionality of Google Maps.,NSW,builtwith.com,+61-300-558745 | +1-650-618-3949,2017-11-30T23:00:00,http://twitter.com/builtwith | http://facebook.com/builtwith | http://linkedin.com/company/builtwith | http://google.com/+builtwithdotcom,Google Maps API,builtwith.com,BuiltWith,,https://developers.google.com/maps/,2000,support@builtwith.com
Sydney,widgets,dd,AU,no,2015-01-20T00:00:00,The Google Font API helps you add web fonts to any web page.,NSW,builtwith.com,+61-300-558745 | +1-650-618-3949,2017-09-03T23:00:00,http://twitter.com/builtwith | http://facebook.com/builtwith | http://linkedin.com/company/builtwith | http://google.com/+builtwithdotcom,Google Font API,builtwith.com,BuiltWith,Fonts,https://fonts.google.com,2000,support@builtwith.com
Sydney,javascript,dd,AU,no,2017-11-06T23:00:00,prettyPhoto is a jQuery lightbox clone which supports additional meta types such as video.,NSW,builtwith.com,+61-300-558745 | +1-650-618-3949,2017-11-06T23:00:00,http://twitter.com/builtwith | http://facebook.com/builtwith | http://linkedin.com/company/builtwith | http://google.com/+builtwithdotcom,jQuery prettyPhoto,builtwith.com,BuiltWith,Lightbox | jQuery Plugin,http://www.no-margin-for-errors.com/projects/prettyphoto-jquery-lightbox-clone/,2000,support@builtwith.com
Sydney,media,dd,AU,no,2017-11-06T23:00:00,HTML5 audio and video players in pure HTML and CSS.,NSW,builtwith.com,+61-300-558745 | +1-650-618-3949,2017-11-06T23:00:00,http://twitter.com/builtwith | http://facebook.com/builtwith | http://linkedin.com/company/builtwith | http://google.com/+builtwithdotcom,MediaElement.js,builtwith.com,BuiltWith,Video Players,http://mediaelementjs.com/,2000,support@builtwith.com
Sydney,analytics,dd,AU,yes,2015-11-27T00:00:00,Optimizely empowers companies to deliver more relevant and effective digital experiences on websites and mobile through A/B testing and personalization.,NSW,builtwith.com,+61-300-558745 | +1-650-618-3949,2017-12-25T23:00:00,http://twitter.com/builtwith | http://facebook.com/builtwith | http://linkedin.com/company/builtwith | http://google.com/+builtwithdotcom,Optimizely,builtwith.com,BuiltWith,A/B Testing | Conversion Optimization | Personalization | Site Optimization,http://www.optimizely.com,2000,support@builtwith.com
Sydney,payment,dd,AU,no,2016-03-23T13:00:00,The website accepts payments with Visa.,NSW,builtwith.com,+61-300-558745 | +1-650-618-3949,2017-04-18T23:00:00,http://twitter.com/builtwith | http://facebook.com/builtwith | http://linkedin.com/company/builtwith | http://google.com/+builtwithdotcom,Visa,builtwith.com,BuiltWith,Payment Acceptance,http://visa.com,2000,support@builtwith.com
Sydney,payment,dd,AU,no,2016-03-23T13:00:00,The website accepts payments with MasterCard.,NSW,builtwith.com,+61-300-558745 | +1-650-618-3949,2017-04-18T23:00:00,http://twitter.com/builtwith | http://facebook.com/builtwith | http://linkedin.com/company/builtwith | http://google.com/+builtwithdotcom,MasterCard,builtwith.com,BuiltWith,Payment Acceptance,http://mastercard.com,2000,support@builtwith.com
Sydney,payment,dd,AU,no,2016-03-23T13:00:00,The website accepts payments with American Express.,NSW,builtwith.com,+61-300-558745 | +1-650-618-3949,2017-04-18T23:00:00,http://twitter.com/builtwith | http://facebook.com/builtwith | http://linkedin.com/company/builtwith | http://google.com/+builtwithdotcom,American Express,builtwith.com,BuiltWith,Payment Acceptance,http://amex.com,2000,support@builtwith.com
Sydney,payment,dd,AU,no,2016-03-23T13:00:00,The website accepts payments with PayPal.,NSW,builtwith.com,+61-300-558745 | +1-650-618-3949,2017-04-18T23:00:00,http://twitter.com/builtwith | http://facebook.com/builtwith | http://linkedin.com/company/builtwith | http://google.com/+builtwithdotcom,PayPal,builtwith.com,BuiltWith,Payment Acceptance,http://paypal.com,2000,support@builtwith.com
Sydney,analytics,dd,AU,maybe,2016-03-23T13:00:00,Automatically send domains to the BuiltWith Pro dashboard from contact forms on your website.,NSW,builtwith.com,+61-300-558745 | +1-650-618-3949,2017-02-19T23:00:00,http://twitter.com/builtwith | http://facebook.com/builtwith | http://linkedin.com/company/builtwith | http://google.com/+builtwithdotcom,BuiltWith Web Leads,builtwith.com,BuiltWith,Marketing Automation,http://kb.builtwith.com/web-leads/setting-up-web-leads/,2000,support@builtwith.com
Sydney,payment,,AU,no,2012-07-29T14:00:00,The website contains a form for paying with PayPal.,NSW,builtwith.com,+61-300-558745 | +1-650-618-3949,2013-05-30T14:00:00,http://twitter.com/builtwith | http://facebook.com/builtwith | http://linkedin.com/company/builtwith | http://google.com/+builtwithdotcom,PayPal Form,builtwith.com,BuiltWith,Payments Processor,http://paypal.com,2000,support@builtwith.com
Sydney,ssl,,AU,yes,2016-10-18T23:00:00,Comodo EV MDC  SSL certificate.,NSW,builtwith.com,+61-300-558745 | +1-650-618-3949,2018-02-06T13:00:00,http://twitter.com/builtwith | http://facebook.com/builtwith | http://linkedin.com/company/builtwith | http://google.com/+builtwithdotcom,Comodo EV Multi-Domain,builtwith.com,BuiltWith,Multi Domain | Extended Validation,http://www.instantssl.com/ssl-certificate-products/ssl/ssl-certificate-ev-mdc.html,2000,support@builtwith.com
Sydney,Web Server,,AU,no,2013-12-05T00:49:25,nginx version 1.1.*,NSW,builtwith.com,+61-300-558745 | +1-650-618-3949,2016-02-09T05:54:43,http://twitter.com/builtwith | http://facebook.com/builtwith | http://linkedin.com/company/builtwith | http://google.com/+builtwithdotcom,nginx 1.1,builtwith.com,BuiltWith,,http://nginx.org/en/CHANGES-1.1,2000,support@builtwith.com
Sydney,cms,,AU,no,2013-12-05T00:49:25,WordPress version 3.7.*,NSW,builtwith.com,+61-300-558745 | +1-650-618-3949,2013-12-15T23:00:00,http://twitter.com/builtwith | http://facebook.com/builtwith | http://linkedin.com/company/builtwith | http://google.com/+builtwithdotcom,WordPress 3.7,builtwith.com,BuiltWith,,http://codex.wordpress.org/Version_3.7,2000,support@builtwith.com
Sydney,ssl,,AU,no,2013-09-15T23:00:00,Certificate provided by GeoTrust.,NSW,builtwith.com,+61-300-558745 | +1-650-618-3949,2018-02-06T13:00:00,http://twitter.com/builtwith | http://facebook.com/builtwith | http://linkedin.com/company/builtwith | http://google.com/+builtwithdotcom,GeoTrust SSL,builtwith.com,BuiltWith,Root Authority,http://geotrust.com,2000,support@builtwith.com
Sydney,framework,,AU,no,2013-09-15T23:00:00,The website contains Adobe Flash content embeded without the use of JavaScript.,NSW,builtwith.com,+61-300-558745 | +1-650-618-3949,2013-11-12T23:00:00,http://twitter.com/builtwith | http://facebook.com/builtwith | http://linkedin.com/company/builtwith | http://google.com/+builtwithdotcom,Shockwave Flash Embed,builtwith.com,BuiltWith,,http://www.macromedia.com/software/flash/about/,2000,support@builtwith.com
Sydney,ssl,,AU,no,2013-09-15T23:00:00,RapidSSL certificate provider.,NSW,builtwith.com,+61-300-558745 | +1-650-618-3949,2018-02-06T13:00:00,http://twitter.com/builtwith | http://facebook.com/builtwith | http://linkedin.com/company/builtwith | http://google.com/+builtwithdotcom,RapidSSL,builtwith.com,BuiltWith,,http://rapidssl.com,2000,support@builtwith.com
Sydney,hosting,,AU,no,2013-09-15T23:00:00,VPS hosting company specializing in Linux hosting.,NSW,builtwith.com,+61-300-558745 | +1-650-618-3949,2018-02-06T13:00:00,http://twitter.com/builtwith | http://facebook.com/builtwith | http://linkedin.com/company/builtwith | http://google.com/+builtwithdotcom,Linode,builtwith.com,BuiltWith,VPS Hosting | US hosting,http://linode.com,2000,support@builtwith.com
Sydney,widgets,,AU,no,2013-08-18T23:00:00,Plugins are tools to extend the functionality of WordPress. The website uses various plugins from WordPress to provide additional functionality. Some of them may be listed here.,NSW,builtwith.com,+61-300-558745 | +1-650-618-3949,2016-02-09T05:54:43,http://twitter.com/builtwith | http://facebook.com/builtwith | http://linkedin.com/company/builtwith | http://google.com/+builtwithdotcom,Wordpress Plugins,builtwith.com,BuiltWith,,http://codex.wordpress.org/Plugins,2000,support@builtwith.com
Sydney,widgets,,AU,no,2013-06-22T23:00:00,The Google Font API helps you add web fonts to any web page.,NSW,builtwith.com,+61-300-558745 | +1-650-618-3949,2016-10-17T23:00:00,http://twitter.com/builtwith | http://facebook.com/builtwith | http://linkedin.com/company/builtwith | http://google.com/+builtwithdotcom,Google Font API,builtwith.com,BuiltWith,Fonts,https://fonts.google.com,2000,support@builtwith.com
Sydney,cdn,,AU,no,2013-03-26T13:00:00,The JQuery Amazon S3 Content Delivery Network,NSW,builtwith.com,+61-300-558745 | +1-650-618-3949,2013-03-26T13:00:00,http://twitter.com/builtwith | http://facebook.com/builtwith | http://linkedin.com/company/builtwith | http://google.com/+builtwithdotcom,jQuery CDN,builtwith.com,BuiltWith,,http://blog.jquery.com/2008/11/19/cloudfront-cdn-for-jquery/,2000,support@builtwith.com
Sydney,feeds,,AU,no,2011-12-18T13:00:00,"A Pingback is one of three types of Linkbacks, methods for Web authors to request notification when somebody links to one of their documents.",NSW,builtwith.com,+61-300-558745 | +1-650-618-3949,2018-02-15T23:00:00,http://twitter.com/builtwith | http://facebook.com/builtwith | http://linkedin.com/company/builtwith | http://google.com/+builtwithdotcom,Pingback Support,builtwith.com,BuiltWith,,http://en.wikipedia.org/wiki/Pingback,2000,support@builtwith.com
Sydney,feeds,,AU,no,2011-12-18T13:00:00,"Really Simple Discovery is a way to help client software find the services needed to read, edit, or ""work with"" weblogging software.",NSW,builtwith.com,+61-300-558745 | +1-650-618-3949,2018-02-15T23:00:00,http://twitter.com/builtwith | http://facebook.com/builtwith | http://linkedin.com/company/builtwith | http://google.com/+builtwithdotcom,Really Simple Discovery,builtwith.com,BuiltWith,,http://cyber.law.harvard.edu/blogs/gems/tech/rsd.html,2000,support@builtwith.com
Sydney,feeds,,AU,no,2011-12-18T13:00:00,Windows Live Writer Tagging Support Schema,NSW,builtwith.com,+61-300-558745 | +1-650-618-3949,2018-02-15T23:00:00,http://twitter.com/builtwith | http://facebook.com/builtwith | http://linkedin.com/company/builtwith | http://google.com/+builtwithdotcom,Live Writer Support,builtwith.com,BuiltWith,,http://windowslivewriter.spaces.live.com,2000,support@builtwith.com
Sydney,cms,,AU,no,2011-12-18T13:00:00,"WordPress is a state-of-the-art semantic personal publishing platform with a focus on aesthetics, web standards, and usability.",NSW,builtwith.com,+61-300-558745 | +1-650-618-3949,2018-02-15T23:00:00,http://twitter.com/builtwith | http://facebook.com/builtwith | http://linkedin.com/company/builtwith | http://google.com/+builtwithdotcom,WordPress,builtwith.com,BuiltWith,Open Source | Blog,http://wordpress.org,2000,support@builtwith.com
Sydney,javascript,,AU,no,2011-12-18T13:00:00,SWFObject is a small Javascript file used for embedding Adobe Flash content. The script can detect the Flash plug-in in all major web browsers (on Mac and PC) and is designed to make embedding Flash movies as easy as possible.,NSW,builtwith.com,+61-300-558745 | +1-650-618-3949,2011-12-18T13:00:00,http://twitter.com/builtwith | http://facebook.com/builtwith | http://linkedin.com/company/builtwith | http://google.com/+builtwithdotcom,SWFObject,builtwith.com,BuiltWith,Media,http://blog.deconcept.com/swfobject/,2000,support@builtwith.com
Sydney,Web Server,,AU,no,2011-12-18T13:00:00,Apache has been the most popular web server on the Internet since April 1996.,NSW,builtwith.com,+61-300-558745 | +1-650-618-3949,2012-09-26T14:00:00,http://twitter.com/builtwith | http://facebook.com/builtwith | http://linkedin.com/company/builtwith | http://google.com/+builtwithdotcom,Apache,builtwith.com,BuiltWith,,http://httpd.apache.org/,2000,support@builtwith.com
Sydney,Server,,AU,no,2011-12-18T13:00:00,"Ubuntu is a free, Debian derived Linux-based operating system, available with both community and professional support.",NSW,builtwith.com,+61-300-558745 | +1-650-618-3949,2018-02-15T23:00:00,http://twitter.com/builtwith | http://facebook.com/builtwith | http://linkedin.com/company/builtwith | http://google.com/+builtwithdotcom,Ubuntu,builtwith.com,BuiltWith,,http://ubuntu.com,2000,support@builtwith.com
Sydney,cms,,AU,no,2014-01-05T21:39:27,WordPress version 3.8.*,NSW,builtwith.com,+61-300-558745 | +1-650-618-3949,2014-04-22T00:00:31,http://twitter.com/builtwith | http://facebook.com/builtwith | http://linkedin.com/company/builtwith | http://google.com/+builtwithdotcom,WordPress 3.8,builtwith.com,BuiltWith,,http://codex.wordpress.org/Version_3.8,2000,support@builtwith.com
Sydney,javascript,,AU,no,2014-03-04T23:05:28,Allows a user to make a website more sociable and connected with integrations from the hugely popular Facebook website.,NSW,builtwith.com,+61-300-558745 | +1-650-618-3949,2015-10-21T00:34:43,http://twitter.com/builtwith | http://facebook.com/builtwith | http://linkedin.com/company/builtwith | http://google.com/+builtwithdotcom,Facebook for Websites,builtwith.com,BuiltWith,Social SDK,http://developers.facebook.com/,2000,support@builtwith.com
Sydney,analytics,,AU,no,2014-03-04T23:05:28,This website contains tracking information that allows admins to see Facebook Insights out of Facebook to this domain.,NSW,builtwith.com,+61-300-558745 | +1-650-618-3949,2016-10-17T23:00:00,http://twitter.com/builtwith | http://facebook.com/builtwith | http://linkedin.com/company/builtwith | http://google.com/+builtwithdotcom,Facebook Domain Insights,builtwith.com,BuiltWith,Social Management,http://www.facebook.com/insights/,2000,support@builtwith.com
Sydney,widgets,,AU,no,2014-03-10T00:05:54,"WordPress social integration for Facebook, Twitter, Google+.",NSW,builtwith.com,+61-300-558745 | +1-650-618-3949,2016-10-17T23:00:00,http://twitter.com/builtwith | http://facebook.com/builtwith | http://linkedin.com/company/builtwith | http://google.com/+builtwithdotcom,WPSSO,builtwith.com,BuiltWith,WordPress Plugins,https://wordpress.org/plugins/wpsso/,2000,support@builtwith.com
Sydney,cms,,AU,no,2014-04-23T00:48:17,WordPress Version 3.9.*,NSW,builtwith.com,+61-300-558745 | +1-650-618-3949,2014-09-10T01:19:38,http://twitter.com/builtwith | http://facebook.com/builtwith | http://linkedin.com/company/builtwith | http://google.com/+builtwithdotcom,Wordpress 3.9,builtwith.com,BuiltWith,,http://make.wordpress.org/core/version-3-9-project-schedule/,2000,support@builtwith.com
Sydney,cms,,AU,no,2014-09-11T06:35:03,WordPress version 4.0.*,NSW,builtwith.com,+61-300-558745 | +1-650-618-3949,2014-12-23T01:58:32,http://twitter.com/builtwith | http://facebook.com/builtwith | http://linkedin.com/company/builtwith | http://google.com/+builtwithdotcom,WordPress 4.0,builtwith.com,BuiltWith,,http://codex.wordpress.org/Version_4.0,2000,support@builtwith.com
Sydney,widgets,,AU,no,2014-09-11T23:00:00,WP Super Cache is a page cache generation tool for WordPress.,NSW,builtwith.com,+61-300-558745 | +1-650-618-3949,2018-02-15T23:00:00,http://twitter.com/builtwith | http://facebook.com/builtwith | http://linkedin.com/company/builtwith | http://google.com/+builtwithdotcom,WP Super Cache,builtwith.com,BuiltWith,WordPress Plugins,http://wordpress.org/extend/plugins/wp-super-cache/,2000,support@builtwith.com
Sydney,cms,,AU,no,2014-12-24T06:31:25,WordPress version 4.1.*,NSW,builtwith.com,+61-300-558745 | +1-650-618-3949,2015-05-02T08:49:30,http://twitter.com/builtwith | http://facebook.com/builtwith | http://linkedin.com/company/builtwith | http://google.com/+builtwithdotcom,Wordpress 4.1,builtwith.com,BuiltWith,,http://codex.wordpress.org/Version_4.1,2000,support@builtwith.com
Sydney,cms,,AU,no,2015-04-20T23:00:00,The WordPress site has new blog activity on a weekly interval.,NSW,builtwith.com,+61-300-558745 | +1-650-618-3949,2017-12-03T23:00:00,http://twitter.com/builtwith | http://facebook.com/builtwith | http://linkedin.com/company/builtwith | http://google.com/+builtwithdotcom,WordPress Weekly Activity,builtwith.com,BuiltWith,Blog,http://wordpress.com,2000,support@builtwith.com
Sydney,cms,,AU,no,2015-04-22T23:00:00,The WordPress site has new blog activity on a monthly interval.,NSW,builtwith.com,+61-300-558745 | +1-650-618-3949,2018-02-15T23:00:00,http://twitter.com/builtwith | http://facebook.com/builtwith | http://linkedin.com/company/builtwith | http://google.com/+builtwithdotcom,Wordpress Monthly Activity,builtwith.com,BuiltWith,Blog,http://wordpress.com,2000,support@builtwith.com
Sydney,widgets,,AU,no,2015-04-22T23:00:00,Give identity to your single or multi-author WordPress website with Fancier Author Box.,NSW,builtwith.com,+61-300-558745 | +1-650-618-3949,2016-02-09T05:54:43,http://twitter.com/builtwith | http://facebook.com/builtwith | http://linkedin.com/company/builtwith | http://google.com/+builtwithdotcom,Fancier Author Box by ThematoSoup,builtwith.com,BuiltWith,WordPress Plugins,https://wordpress.org/plugins/fancier-author-box/,2000,support@builtwith.com
Sydney,cms,,AU,no,2015-05-06T16:36:59,WordPress version 4.2.*,NSW,builtwith.com,+61-300-558745 | +1-650-618-3949,2015-08-23T23:00:00,http://twitter.com/builtwith | http://facebook.com/builtwith | http://linkedin.com/company/builtwith | http://google.com/+builtwithdotcom,Wordpress 4.2,builtwith.com,BuiltWith,,http://codex.wordpress.org/Version_4.2,2000,support@builtwith.com
Sydney,widgets,,AU,no,2015-05-29T02:03:10,Twitter Emoji for Everyone,NSW,builtwith.com,+61-300-558745 | +1-650-618-3949,2016-01-06T02:16:49,http://twitter.com/builtwith | http://facebook.com/builtwith | http://linkedin.com/company/builtwith | http://google.com/+builtwithdotcom,Twemoji,builtwith.com,BuiltWith,,https://github.com/twitter/twemoji,2000,support@builtwith.com
Sydney,cms,,AU,no,2015-08-26T04:55:20,WordPress version 4.3.*,NSW,builtwith.com,+61-300-558745 | +1-650-618-3949,2015-12-28T14:50:05,http://twitter.com/builtwith | http://facebook.com/builtwith | http://linkedin.com/company/builtwith | http://google.com/+builtwithdotcom,Wordpress 4.3,builtwith.com,BuiltWith,,http://codex.wordpress.org/Version_4.3,2000,support@builtwith.com
Sydney,payment,,AU,no,2015-08-23T23:00:00,The website accepts payments with American Express.,NSW,builtwith.com,+61-300-558745 | +1-650-618-3949,2015-09-21T23:00:00,http://twitter.com/builtwith | http://facebook.com/builtwith | http://linkedin.com/company/builtwith | http://google.com/+builtwithdotcom,American Express,builtwith.com,BuiltWith,Payment Acceptance,http://amex.com,2000,support@builtwith.com
Sydney,payment,,AU,no,2015-08-23T23:00:00,The website accepts payments with PayPal.,NSW,builtwith.com,+61-300-558745 | +1-650-618-3949,2015-09-21T23:00:00,http://twitter.com/builtwith | http://facebook.com/builtwith | http://linkedin.com/company/builtwith | http://google.com/+builtwithdotcom,PayPal,builtwith.com,BuiltWith,Payment Acceptance,http://paypal.com,2000,support@builtwith.com
Sydney,payment,,AU,no,2015-08-23T23:00:00,The website accepts payments with Visa.,NSW,builtwith.com,+61-300-558745 | +1-650-618-3949,2015-09-21T23:00:00,http://twitter.com/builtwith | http://facebook.com/builtwith | http://linkedin.com/company/builtwith | http://google.com/+builtwithdotcom,Visa,builtwith.com,BuiltWith,Payment Acceptance,http://visa.com,2000,support@builtwith.com
Sydney,analytics,,AU,no,2015-10-09T05:38:59,Classic Google Analytics - sites that are using non-universal analytics code.,NSW,builtwith.com,+61-300-558745 | +1-650-618-3949,2016-10-17T23:00:00,http://twitter.com/builtwith | http://facebook.com/builtwith | http://linkedin.com/company/builtwith | http://google.com/+builtwithdotcom,Google Analytics Classic,builtwith.com,BuiltWith,,https://developers.google.com/analytics/devguides/collection/gajs/,2000,support@builtwith.com
Sydney,cms,,AU,no,2015-12-31T02:33:53,WordPress version 4.4.*,NSW,builtwith.com,+61-300-558745 | +1-650-618-3949,2016-04-18T23:00:00,http://twitter.com/builtwith | http://facebook.com/builtwith | http://linkedin.com/company/builtwith | http://google.com/+builtwithdotcom,Wordpress 4.4,builtwith.com,BuiltWith,,http://codex.wordpress.org/Version_4.4,2000,support@builtwith.com
Sydney,media,,AU,no,2016-04-01T23:00:00,"Use Vimeo to exchange videos with only the people you want to. We have a bunch of different privacy options so you can choose exactly who can see your videos, and others can do the same. The website embeds vimeo.",NSW,builtwith.com,+61-300-558745 | +1-650-618-3949,2016-04-25T23:00:00,http://twitter.com/builtwith | http://facebook.com/builtwith | http://linkedin.com/company/builtwith | http://google.com/+builtwithdotcom,Vimeo,builtwith.com,BuiltWith,Online Video Platform | Video Players,http://vimeo.com,2000,support@builtwith.com
Sydney,cms,,AU,no,2016-03-21T23:00:00,The WordPress site has new blog activity on a daily interval.,NSW,builtwith.com,+61-300-558745 | +1-650-618-3949,2016-03-21T23:00:00,http://twitter.com/builtwith | http://facebook.com/builtwith | http://linkedin.com/company/builtwith | http://google.com/+builtwithdotcom,Wordpress Daily Activity,builtwith.com,BuiltWith,,http://wordpress.com,2000,support@builtwith.com
Sydney,cms,,AU,no,2016-04-18T23:00:00,WordPress version 4.5.*,NSW,builtwith.com,+61-300-558745 | +1-650-618-3949,2016-10-03T23:00:00,http://twitter.com/builtwith | http://facebook.com/builtwith | http://linkedin.com/company/builtwith | http://google.com/+builtwithdotcom,Wordpress 4.5,builtwith.com,BuiltWith,,http://codex.wordpress.org/Version_4.5,2000,support@builtwith.com
Sydney,javascript,,AU,no,2016-06-14T23:00:00,"Lightbox JS is a simple, unobtrusive script used to overlay images on the current page. It's a snap to setup and works on all modern browsers.",NSW,builtwith.com,+61-300-558745 | +1-650-618-3949,2016-08-14T23:00:00,http://twitter.com/builtwith | http://facebook.com/builtwith | http://linkedin.com/company/builtwith | http://google.com/+builtwithdotcom,Lightbox,builtwith.com,BuiltWith,Lightbox,http://www.huddletogether.com/projects/lightbox/,2000,support@builtwith.com
Sydney,cms,,AU,no,2016-10-12T23:00:00,WordPress version 4.6.*,NSW,builtwith.com,+61-300-558745 | +1-650-618-3949,2016-12-31T23:00:00,http://twitter.com/builtwith | http://facebook.com/builtwith | http://linkedin.com/company/builtwith | http://google.com/+builtwithdotcom,Wordpress 4.6,builtwith.com,BuiltWith,,http://codex.wordpress.org/Version_4.6,2000,support@builtwith.com
Sydney,framework,,AU,no,2016-10-24T23:00:00,Magazine style Wordpress theme.,NSW,builtwith.com,+61-300-558745 | +1-650-618-3949,2018-02-15T23:00:00,http://twitter.com/builtwith | http://facebook.com/builtwith | http://linkedin.com/company/builtwith | http://google.com/+builtwithdotcom,Goodz Magazine,builtwith.com,BuiltWith,WordPress Theme,https://themeforest.net/item/goodz-magazine-a-responsive-blog-magazine-wordpress-theme/14482970?ref=garazy,2000,support@builtwith.com
Sydney,copyright,,AU,no,2017-03-03T23:00:00,Webpage has a copyright year of 2000 with no detectable mention of the current year.,NSW,builtwith.com,+61-300-558745 | +1-650-618-3949,2017-03-03T23:00:00,http://twitter.com/builtwith | http://facebook.com/builtwith | http://linkedin.com/company/builtwith | http://google.com/+builtwithdotcom,Copyright Year 2000,builtwith.com,BuiltWith,,https://en.wikipedia.org/wiki/Copyright,2000,support@builtwith.com
Sydney,cms,,AU,no,2017-07-05T23:00:00,WordPress version 4.8.*,NSW,builtwith.com,+61-300-558745 | +1-650-618-3949,2017-11-07T23:00:00,http://twitter.com/builtwith | http://facebook.com/builtwith | http://linkedin.com/company/builtwith | http://google.com/+builtwithdotcom,Wordpress 4.8,builtwith.com,BuiltWith,,http://codex.wordpress.org/Version_4.8,2000,support@builtwith.com
Sydney,cms,,AU,no,2017-12-03T23:00:00,WordPress version 4.9.*,NSW,builtwith.com,+61-300-558745 | +1-650-618-3949,2018-02-15T23:00:00,http://twitter.com/builtwith | http://facebook.com/builtwith | http://linkedin.com/company/builtwith | http://google.com/+builtwithdotcom,Wordpress 4.9,builtwith.com,BuiltWith,,http://codex.wordpress.org/Version_4.9,2000,support@builtwith.com
Sydney,Web Server,,AU,no,2018-02-15T23:00:00,nginx version 1.4.*,NSW,builtwith.com,+61-300-558745 | +1-650-618-3949,2018-02-15T23:00:00,http://twitter.com/builtwith | http://facebook.com/builtwith | http://linkedin.com/company/builtwith | http://google.com/+builtwithdotcom,nginx 1.4,builtwith.com,BuiltWith,,http://nginx.org/en/CHANGES-1.4,2000,support@builtwith.com
Sydney,Web Server,,AU,no,2018-02-15T23:00:00,nginx [engine x] is a HTTP server and mail proxy server written by Igor Sysoev.,NSW,builtwith.com,+61-300-558745 | +1-650-618-3949,2018-02-15T23:00:00,http://twitter.com/builtwith | http://facebook.com/builtwith | http://linkedin.com/company/builtwith | http://google.com/+builtwithdotcom,nginx,builtwith.com,BuiltWith,,http://nginx.net/,2000,support@builtwith.com
Sydney,widgets,,AU,no,2018-02-15T23:00:00,A script concatenation plugin for WordPress.,NSW,builtwith.com,+61-300-558745 | +1-650-618-3949,2018-02-15T23:00:00,http://twitter.com/builtwith | http://facebook.com/builtwith | http://linkedin.com/company/builtwith | http://google.com/+builtwithdotcom,Autoptimize,builtwith.com,BuiltWith,WordPress Plugins,https://wordpress.org/plugins/autoptimize,2000,support@builtwith.com
Sydney,hosting,,AU,no,2014-06-26T00:00:00,This site is hosted on Amazon AWS EC2 Infrastructure.,NSW,builtwith.com,+61-300-558745 | +1-650-618-3949,2014-06-26T00:00:00,http://twitter.com/builtwith | http://facebook.com/builtwith | http://linkedin.com/company/builtwith | http://google.com/+builtwithdotcom,Amazon,builtwith.com,BuiltWith,Cloud Hosting | Cloud PaaS,http://aws.amazon.com,2000,support@builtwith.com
Sydney,cdn,,AU,no,2014-06-26T00:00:00,Amazon Simple Storage provides unlimited storage to developers and online businesses - saving costs and increase storage reliability.,NSW,builtwith.com,+61-300-558745 | +1-650-618-3949,2017-10-05T23:00:00,http://twitter.com/builtwith | http://facebook.com/builtwith | http://linkedin.com/company/builtwith | http://google.com/+builtwithdotcom,Amazon S3,builtwith.com,BuiltWith,,http://aws.amazon.com/s3,2000,support@builtwith.com
Sydney,media,,AU,no,2014-03-20T03:41:06,HTML5 audio and video players in pure HTML and CSS.,NSW,builtwith.com,+61-300-558745 | +1-650-618-3949,2014-03-24T00:33:23,http://twitter.com/builtwith | http://facebook.com/builtwith | http://linkedin.com/company/builtwith | http://google.com/+builtwithdotcom,MediaElement.js,builtwith.com,BuiltWith,Video Players,http://mediaelementjs.com/,2000,support@builtwith.com
Sydney,hosting,,AU,no,2014-03-20T03:41:06,VPS hosting company specializing in Linux hosting.,NSW,builtwith.com,+61-300-558745 | +1-650-618-3949,2018-02-06T13:00:00,http://twitter.com/builtwith | http://facebook.com/builtwith | http://linkedin.com/company/builtwith | http://google.com/+builtwithdotcom,Linode,builtwith.com,BuiltWith,VPS Hosting | US hosting,http://linode.com,2000,support@builtwith.com
Sydney,feeds,,AU,no,2014-03-20T03:41:06,"A Pingback is one of three types of Linkbacks, methods for Web authors to request notification when somebody links to one of their documents.",NSW,builtwith.com,+61-300-558745 | +1-650-618-3949,2018-02-15T23:00:00,http://twitter.com/builtwith | http://facebook.com/builtwith | http://linkedin.com/company/builtwith | http://google.com/+builtwithdotcom,Pingback Support,builtwith.com,BuiltWith,,http://en.wikipedia.org/wiki/Pingback,2000,support@builtwith.com
Sydney,widgets,,AU,no,2014-03-20T03:41:06,The Google Font API helps you add web fonts to any web page.,NSW,builtwith.com,+61-300-558745 | +1-650-618-3949,2018-02-15T23:00:00,http://twitter.com/builtwith | http://facebook.com/builtwith | http://linkedin.com/company/builtwith | http://google.com/+builtwithdotcom,Google Font API,builtwith.com,BuiltWith,Fonts,https://fonts.google.com,2000,support@builtwith.com
Sydney,widgets,,AU,no,2014-03-20T03:41:06,Plugins are tools to extend the functionality of WordPress. The website uses various plugins from WordPress to provide additional functionality. Some of them may be listed here.,NSW,builtwith.com,+61-300-558745 | +1-650-618-3949,2016-02-09T05:54:43,http://twitter.com/builtwith | http://facebook.com/builtwith | http://linkedin.com/company/builtwith | http://google.com/+builtwithdotcom,Wordpress Plugins,builtwith.com,BuiltWith,,http://codex.wordpress.org/Plugins,2000,support@builtwith.com
Sydney,cms,,AU,no,2014-03-20T03:41:06,"WordPress is a state-of-the-art semantic personal publishing platform with a focus on aesthetics, web standards, and usability.",NSW,builtwith.com,+61-300-558745 | +1-650-618-3949,2018-02-15T23:00:00,http://twitter.com/builtwith | http://facebook.com/builtwith | http://linkedin.com/company/builtwith | http://google.com/+builtwithdotcom,WordPress,builtwith.com,BuiltWith,Open Source | Blog,http://wordpress.org,2000,support@builtwith.com
Sydney,feeds,,AU,no,2014-03-20T03:41:06,"Really Simple Discovery is a way to help client software find the services needed to read, edit, or ""work with"" weblogging software.",NSW,builtwith.com,+61-300-558745 | +1-650-618-3949,2018-02-15T23:00:00,http://twitter.com/builtwith | http://facebook.com/builtwith | http://linkedin.com/company/builtwith | http://google.com/+builtwithdotcom,Really Simple Discovery,builtwith.com,BuiltWith,,http://cyber.law.harvard.edu/blogs/gems/tech/rsd.html,2000,support@builtwith.com
Sydney,feeds,,AU,no,2014-03-20T03:41:06,Windows Live Writer Tagging Support Schema,NSW,builtwith.com,+61-300-558745 | +1-650-618-3949,2018-02-15T23:00:00,http://twitter.com/builtwith | http://facebook.com/builtwith | http://linkedin.com/company/builtwith | http://google.com/+builtwithdotcom,Live Writer Support,builtwith.com,BuiltWith,,http://windowslivewriter.spaces.live.com,2000,support@builtwith.com
Sydney,cms,,AU,no,2014-03-20T03:41:06,WordPress version 3.8.*,NSW,builtwith.com,+61-300-558745 | +1-650-618-3949,2014-04-22T00:00:31,http://twitter.com/builtwith | http://facebook.com/builtwith | http://linkedin.com/company/builtwith | http://google.com/+builtwithdotcom,WordPress 3.8,builtwith.com,BuiltWith,,http://codex.wordpress.org/Version_3.8,2000,support@builtwith.com
Sydney,javascript,,AU,no,2014-03-20T03:41:06,HTML5 IE enabling script shim.,NSW,builtwith.com,+61-300-558745 | +1-650-618-3949,2017-08-08T23:00:00,http://twitter.com/builtwith | http://facebook.com/builtwith | http://linkedin.com/company/builtwith | http://google.com/+builtwithdotcom,html5shiv,builtwith.com,BuiltWith,Compatibility,https://github.com/afarkas/html5shiv,2000,support@builtwith.com
Sydney,widgets,,AU,no,2014-03-20T03:41:06,The fastest and most complete WordPress performance optimization plugin.,NSW,builtwith.com,+61-300-558745 | +1-650-618-3949,2018-02-15T23:00:00,http://twitter.com/builtwith | http://facebook.com/builtwith | http://linkedin.com/company/builtwith | http://google.com/+builtwithdotcom,W3 Total Cache,builtwith.com,BuiltWith,,http://www.w3-edge.com/wordpress-plugins/w3-total-cache/,2000,support@builtwith.com
Sydney,Web Server,,AU,no,2014-03-20T03:41:06,nginx [engine x] is a HTTP server and mail proxy server written by Igor Sysoev.,NSW,builtwith.com,+61-300-558745 | +1-650-618-3949,2018-02-15T23:00:00,http://twitter.com/builtwith | http://facebook.com/builtwith | http://linkedin.com/company/builtwith | http://google.com/+builtwithdotcom,nginx,builtwith.com,BuiltWith,,http://nginx.net/,2000,support@builtwith.com
Sydney,Web Server,,AU,no,2014-03-20T03:41:06,nginx version 1.1.*,NSW,builtwith.com,+61-300-558745 | +1-650-618-3949,2016-02-09T05:54:43,http://twitter.com/builtwith | http://facebook.com/builtwith | http://linkedin.com/company/builtwith | http://google.com/+builtwithdotcom,nginx 1.1,builtwith.com,BuiltWith,,http://nginx.org/en/CHANGES-1.1,2000,support@builtwith.com
Sydney,Server,,AU,no,2014-03-20T03:41:06,"Ubuntu is a free, Debian derived Linux-based operating system, available with both community and professional support.",NSW,builtwith.com,+61-300-558745 | +1-650-618-3949,2018-02-15T23:00:00,http://twitter.com/builtwith | http://facebook.com/builtwith | http://linkedin.com/company/builtwith | http://google.com/+builtwithdotcom,Ubuntu,builtwith.com,BuiltWith,,http://ubuntu.com,2000,support@builtwith.com
Sydney,framework,,AU,no,2014-03-20T23:00:00,A knowledge base style theme for WordPress from HeroThemes.,NSW,builtwith.com,+61-300-558745 | +1-650-618-3949,2018-02-15T23:00:00,http://twitter.com/builtwith | http://facebook.com/builtwith | http://linkedin.com/company/builtwith | http://google.com/+builtwithdotcom,KnowHow,builtwith.com,BuiltWith,WordPress Theme,http://themeforest.net/item/knowhow-a-wordpress-knowledge-basewiki-theme/2813111?ref=garazy,2000,support@builtwith.com
Sydney,cms,,AU,no,2014-04-23T00:48:17,WordPress Version 3.9.*,NSW,builtwith.com,+61-300-558745 | +1-650-618-3949,2014-09-10T01:19:38,http://twitter.com/builtwith | http://facebook.com/builtwith | http://linkedin.com/company/builtwith | http://google.com/+builtwithdotcom,Wordpress 3.9,builtwith.com,BuiltWith,,http://make.wordpress.org/core/version-3-9-project-schedule/,2000,support@builtwith.com
Sydney,widgets,,AU,maybe,2014-06-04T03:39:57,A customized web site search engine tool.,NSW,builtwith.com,+61-300-558745 | +1-650-618-3949,2016-02-09T05:54:43,http://twitter.com/builtwith | http://facebook.com/builtwith | http://linkedin.com/company/builtwith | http://google.com/+builtwithdotcom,Swiftype,builtwith.com,BuiltWith,Site Search,http://swiftype.com/,2000,support@builtwith.com
Sydney,widgets,,AU,no,2014-06-17T23:00:00,Iconic font and CSS toolkit.,NSW,builtwith.com,+61-300-558745 | +1-650-618-3949,2016-02-09T05:54:43,http://twitter.com/builtwith | http://facebook.com/builtwith | http://linkedin.com/company/builtwith | http://google.com/+builtwithdotcom,Font Awesome,builtwith.com,BuiltWith,Fonts,http://fontawesome.io,2000,support@builtwith.com
Sydney,cms,,AU,no,2014-09-11T06:35:03,WordPress version 4.0.*,NSW,builtwith.com,+61-300-558745 | +1-650-618-3949,2015-01-09T02:17:38,http://twitter.com/builtwith | http://facebook.com/builtwith | http://linkedin.com/company/builtwith | http://google.com/+builtwithdotcom,WordPress 4.0,builtwith.com,BuiltWith,,http://codex.wordpress.org/Version_4.0,2000,support@builtwith.com
Sydney,cms,,AU,no,2015-01-12T07:26:00,WordPress version 4.1.*,NSW,builtwith.com,+61-300-558745 | +1-650-618-3949,2015-04-29T19:37:49,http://twitter.com/builtwith | http://facebook.com/builtwith | http://linkedin.com/company/builtwith | http://google.com/+builtwithdotcom,Wordpress 4.1,builtwith.com,BuiltWith,,http://codex.wordpress.org/Version_4.1,2000,support@builtwith.com
Sydney,cms,,AU,no,2015-05-01T02:50:34,WordPress version 4.2.*,NSW,builtwith.com,+61-300-558745 | +1-650-618-3949,2015-09-01T07:31:19,http://twitter.com/builtwith | http://facebook.com/builtwith | http://linkedin.com/company/builtwith | http://google.com/+builtwithdotcom,Wordpress 4.2,builtwith.com,BuiltWith,,http://codex.wordpress.org/Version_4.2,2000,support@builtwith.com
Sydney,widgets,,AU,no,2015-04-22T23:00:00,Allows you to combine and minify your CSS and JS files to improve page load time. ,NSW,builtwith.com,+61-300-558745 | +1-650-618-3949,2016-02-09T05:54:43,http://twitter.com/builtwith | http://facebook.com/builtwith | http://linkedin.com/company/builtwith | http://google.com/+builtwithdotcom,Better WordPress Minify,builtwith.com,BuiltWith,WordPress Plugins,https://wordpress.org/plugins/bwp-minify/,2000,support@builtwith.com
Sydney,cms,,AU,no,2015-06-21T23:00:00,The WordPress site has new blog activity on a monthly interval.,NSW,builtwith.com,+61-300-558745 | +1-650-618-3949,2016-01-10T23:00:00,http://twitter.com/builtwith | http://facebook.com/builtwith | http://linkedin.com/company/builtwith | http://google.com/+builtwithdotcom,Wordpress Monthly Activity,builtwith.com,BuiltWith,Blog,http://wordpress.com,2000,support@builtwith.com
Sydney,cms,,AU,no,2015-09-03T22:25:13,WordPress version 4.3.*,NSW,builtwith.com,+61-300-558745 | +1-650-618-3949,2015-12-13T05:15:49,http://twitter.com/builtwith | http://facebook.com/builtwith | http://linkedin.com/company/builtwith | http://google.com/+builtwithdotcom,Wordpress 4.3,builtwith.com,BuiltWith,,http://codex.wordpress.org/Version_4.3,2000,support@builtwith.com
Sydney,analytics,,AU,no,2015-10-09T05:38:59,Classic Google Analytics - sites that are using non-universal analytics code.,NSW,builtwith.com,+61-300-558745 | +1-650-618-3949,2018-02-15T23:00:00,http://twitter.com/builtwith | http://facebook.com/builtwith | http://linkedin.com/company/builtwith | http://google.com/+builtwithdotcom,Google Analytics Classic,builtwith.com,BuiltWith,,https://developers.google.com/analytics/devguides/collection/gajs/,2000,support@builtwith.com
Sydney,cms,,AU,no,2015-12-18T14:58:30,WordPress version 4.4.*,NSW,builtwith.com,+61-300-558745 | +1-650-618-3949,2016-05-03T23:00:00,http://twitter.com/builtwith | http://facebook.com/builtwith | http://linkedin.com/company/builtwith | http://google.com/+builtwithdotcom,Wordpress 4.4,builtwith.com,BuiltWith,,http://codex.wordpress.org/Version_4.4,2000,support@builtwith.com
Sydney,cms,,AU,no,2016-05-03T23:00:00,WordPress version 4.5.*,NSW,builtwith.com,+61-300-558745 | +1-650-618-3949,2016-10-03T23:00:00,http://twitter.com/builtwith | http://facebook.com/builtwith | http://linkedin.com/company/builtwith | http://google.com/+builtwithdotcom,Wordpress 4.5,builtwith.com,BuiltWith,,http://codex.wordpress.org/Version_4.5,2000,support@builtwith.com
Sydney,cms,,AU,no,2016-10-12T23:00:00,WordPress version 4.6.*,NSW,builtwith.com,+61-300-558745 | +1-650-618-3949,2017-01-10T23:00:00,http://twitter.com/builtwith | http://facebook.com/builtwith | http://linkedin.com/company/builtwith | http://google.com/+builtwithdotcom,Wordpress 4.6,builtwith.com,BuiltWith,,http://codex.wordpress.org/Version_4.6,2000,support@builtwith.com
Sydney,cms,,AU,no,2017-01-11T23:00:00,WordPress version 4.7.*,NSW,builtwith.com,+61-300-558745 | +1-650-618-3949,2017-06-03T23:00:00,http://twitter.com/builtwith | http://facebook.com/builtwith | http://linkedin.com/company/builtwith | http://google.com/+builtwithdotcom,Wordpress 4.7,builtwith.com,BuiltWith,,http://codex.wordpress.org/Version_4.7,2000,support@builtwith.com
Sydney,cms,,AU,no,2017-07-05T23:00:00,WordPress version 4.8.*,NSW,builtwith.com,+61-300-558745 | +1-650-618-3949,2017-11-07T23:00:00,http://twitter.com/builtwith | http://facebook.com/builtwith | http://linkedin.com/company/builtwith | http://google.com/+builtwithdotcom,Wordpress 4.8,builtwith.com,BuiltWith,,http://codex.wordpress.org/Version_4.8,2000,support@builtwith.com
Sydney,cms,,AU,no,2017-12-03T23:00:00,WordPress version 4.9.*,NSW,builtwith.com,+61-300-558745 | +1-650-618-3949,2018-02-15T23:00:00,http://twitter.com/builtwith | http://facebook.com/builtwith | http://linkedin.com/company/builtwith | http://google.com/+builtwithdotcom,Wordpress 4.9,builtwith.com,BuiltWith,,http://codex.wordpress.org/Version_4.9,2000,support@builtwith.com
Sydney,Web Server,,AU,no,2018-02-15T23:00:00,nginx version 1.4.*,NSW,builtwith.com,+61-300-558745 | +1-650-618-3949,2018-02-15T23:00:00,http://twitter.com/builtwith | http://facebook.com/builtwith | http://linkedin.com/company/builtwith | http://google.com/+builtwithdotcom,nginx 1.4,builtwith.com,BuiltWith,,http://nginx.org/en/CHANGES-1.4,2000,support@builtwith.com
Sydney,widgets,,AU,no,2018-02-15T23:00:00,A script concatenation plugin for WordPress.,NSW,builtwith.com,+61-300-558745 | +1-650-618-3949,2018-02-15T23:00:00,http://twitter.com/builtwith | http://facebook.com/builtwith | http://linkedin.com/company/builtwith | http://google.com/+builtwithdotcom,Autoptimize,builtwith.com,BuiltWith,WordPress Plugins,https://wordpress.org/plugins/autoptimize,2000,support@builtwith.com
Sydney,javascript,,AU,no,2018-02-15T23:00:00,selectivizr is a JavaScript utility that emulates CSS3 pseudo-classes and attribute selectors in Internet Explorer 6-8.,NSW,builtwith.com,+61-300-558745 | +1-650-618-3949,2018-02-15T23:00:00,http://twitter.com/builtwith | http://facebook.com/builtwith | http://linkedin.com/company/builtwith | http://google.com/+builtwithdotcom,selectivizr,builtwith.com,BuiltWith,Compatibility,http://selectivizr.com/,2000,support@builtwith.com
Sydney,analytics,,AU,no,2016-12-20T23:00:00,"This free tool in AdWords can show you what happens after customers click your ad (for example, whether they purchased your product, called from a mobile phone or downloaded your app).",NSW,builtwith.com,+61-300-558745 | +1-650-618-3949,2017-08-08T23:00:00,http://twitter.com/builtwith | http://facebook.com/builtwith | http://linkedin.com/company/builtwith | http://google.com/+builtwithdotcom,Google Conversion Tracking,builtwith.com,BuiltWith,Conversion Optimization,https://support.google.com/adwords/answer/1722054,2000,support@builtwith.com
Sydney,ads,,AU,no,2016-12-20T23:00:00,Google code specifically for remarketing/retargeting based advertising.,NSW,builtwith.com,+61-300-558745 | +1-650-618-3949,2017-08-08T23:00:00,http://twitter.com/builtwith | http://facebook.com/builtwith | http://linkedin.com/company/builtwith | http://google.com/+builtwithdotcom,Google Remarketing,builtwith.com,BuiltWith,Retargeting / Remarketing,http://www.google.com.au/ads/innovations/remarketing.html,2000,support@builtwith.com
Sydney,hosting,,AU,no,2014-06-06T00:00:00,This site is hosted on Amazon AWS EC2 Infrastructure.,NSW,builtwith.com,+61-300-558745 | +1-650-618-3949,2016-02-08T23:00:00,http://twitter.com/builtwith | http://facebook.com/builtwith | http://linkedin.com/company/builtwith | http://google.com/+builtwithdotcom,Amazon,builtwith.com,BuiltWith,Cloud Hosting | Cloud PaaS,http://aws.amazon.com,2000,support@builtwith.com
Sydney,ssl,,AU,no,2014-10-12T23:00:00,VeriSign/Symantec SSL Certificates.,NSW,builtwith.com,+61-300-558745 | +1-650-618-3949,2015-11-10T23:00:00,http://twitter.com/builtwith | http://facebook.com/builtwith | http://linkedin.com/company/builtwith | http://google.com/+builtwithdotcom,Symantec VeriSign,builtwith.com,BuiltWith,Root Authority,http://verisign.com,2000,support@builtwith.com
Sydney,widgets,,AU,no,2018-04-02T23:00:00,Iconic font and CSS toolkit.,NSW,builtwith.com,+61-300-558745 | +1-650-618-3949,2018-05-02T23:00:00,http://twitter.com/builtwith | http://facebook.com/builtwith | http://linkedin.com/company/builtwith | http://google.com/+builtwithdotcom,Font Awesome,builtwith.com,BuiltWith,Fonts,http://fontawesome.io,2000,support@builtwith.com
Sydney,Web Server,,AU,no,2018-04-02T23:00:00,nginx version 1.4.*,NSW,builtwith.com,+61-300-558745 | +1-650-618-3949,2018-05-02T23:00:00,http://twitter.com/builtwith | http://facebook.com/builtwith | http://linkedin.com/company/builtwith | http://google.com/+builtwithdotcom,nginx 1.4,builtwith.com,BuiltWith,,http://nginx.org/en/CHANGES-1.4,2000,support@builtwith.com
Sydney,Web Server,,AU,no,2018-04-02T23:00:00,nginx [engine x] is a HTTP server and mail proxy server written by Igor Sysoev.,NSW,builtwith.com,+61-300-558745 | +1-650-618-3949,2018-05-02T23:00:00,http://twitter.com/builtwith | http://facebook.com/builtwith | http://linkedin.com/company/builtwith | http://google.com/+builtwithdotcom,nginx,builtwith.com,BuiltWith,,http://nginx.net/,2000,support@builtwith.com
Sydney,Server,,AU,no,2018-04-02T23:00:00,"Ubuntu is a free, Debian derived Linux-based operating system, available with both community and professional support.",NSW,builtwith.com,+61-300-558745 | +1-650-618-3949,2018-05-02T23:00:00,http://twitter.com/builtwith | http://facebook.com/builtwith | http://linkedin.com/company/builtwith | http://google.com/+builtwithdotcom,Ubuntu,builtwith.com,BuiltWith,,http://ubuntu.com,2000,support@builtwith.com
Sydney,widgets,,AU,no,2018-04-02T23:00:00,The Google Font API helps you add web fonts to any web page.,NSW,builtwith.com,+61-300-558745 | +1-650-618-3949,2018-05-02T23:00:00,http://twitter.com/builtwith | http://facebook.com/builtwith | http://linkedin.com/company/builtwith | http://google.com/+builtwithdotcom,Google Font API,builtwith.com,BuiltWith,Fonts,https://fonts.google.com,2000,support@builtwith.com
Sydney,javascript,,AU,no,2018-04-02T23:00:00,HTML5 IE enabling script shim.,NSW,builtwith.com,+61-300-558745 | +1-650-618-3949,2018-05-02T23:00:00,http://twitter.com/builtwith | http://facebook.com/builtwith | http://linkedin.com/company/builtwith | http://google.com/+builtwithdotcom,html5shiv,builtwith.com,BuiltWith,Compatibility,https://github.com/afarkas/html5shiv,2000,support@builtwith.com
Sydney,javascript,,AU,no,2013-11-12T23:00:00,"A jQuery extension that provides functionality to ""ease"" things onto or off of the screen.",NSW,builtwith.com,+61-300-558745 | +1-650-618-3949,2014-05-24T08:15:33,http://twitter.com/builtwith | http://facebook.com/builtwith | http://linkedin.com/company/builtwith | http://google.com/+builtwithdotcom,jQuery Easing,builtwith.com,BuiltWith,Animation | jQuery Plugin,http://gsgd.co.uk/sandbox/jquery/easing/,2000,support@builtwith.com
Sydney,javascript,,AU,no,2013-10-13T23:00:00,"Froogaloop is a small Javascript utility framework to help with the complexities
involved in dealing with using the Javascript API through window.postMessage
for controlling Vimeo's Moogaloop video player.",NSW,builtwith.com,+61-300-558745 | +1-650-618-3949,2016-08-29T23:00:00,http://twitter.com/builtwith | http://facebook.com/builtwith | http://linkedin.com/company/builtwith | http://google.com/+builtwithdotcom,Froogaloop,builtwith.com,BuiltWith,,https://github.com/vimeo/froogaloop,2000,support@builtwith.com
Sydney,media,,AU,no,2013-10-13T23:00:00,HTML5 audio and video players in pure HTML and CSS.,NSW,builtwith.com,+61-300-558745 | +1-650-618-3949,2016-07-11T23:00:00,http://twitter.com/builtwith | http://facebook.com/builtwith | http://linkedin.com/company/builtwith | http://google.com/+builtwithdotcom,MediaElement.js,builtwith.com,BuiltWith,Video Players,http://mediaelementjs.com/,2000,support@builtwith.com
Sydney,javascript,,AU,no,2013-09-15T23:00:00,prettyPhoto is a jQuery lightbox clone which supports additional meta types such as video.,NSW,builtwith.com,+61-300-558745 | +1-650-618-3949,2014-03-08T23:05:48,http://twitter.com/builtwith | http://facebook.com/builtwith | http://linkedin.com/company/builtwith | http://google.com/+builtwithdotcom,jQuery prettyPhoto,builtwith.com,BuiltWith,Lightbox | jQuery Plugin,http://www.no-margin-for-errors.com/projects/prettyphoto-jquery-lightbox-clone/,2000,support@builtwith.com
Sydney,javascript,,AU,no,2012-09-26T14:00:00,A slideshow plugin for JQuery that supports many different types of transition effects.,NSW,builtwith.com,+61-300-558745 | +1-650-618-3949,2012-09-26T14:00:00,http://twitter.com/builtwith | http://facebook.com/builtwith | http://linkedin.com/company/builtwith | http://google.com/+builtwithdotcom,jQuery Cycle,builtwith.com,BuiltWith,jQuery Plugin,http://jquery.malsup.com/cycle/,2000,support@builtwith.com
Sydney,javascript,,AU,no,2012-07-29T14:00:00,"MooTools is a compact, modular, Object-Oriented JavaScript framework designed for the intermediate to advanced JavaScript developer. It allows you to write powerful, flexible and cross-browser code with its elegant, well documented and coherent API.",NSW,builtwith.com,+61-300-558745 | +1-650-618-3949,2012-07-29T14:00:00,http://twitter.com/builtwith | http://facebook.com/builtwith | http://linkedin.com/company/builtwith | http://google.com/+builtwithdotcom,MooTools,builtwith.com,BuiltWith,JavaScript Library,http://mootools.net/,2000,support@builtwith.com
Sydney,javascript,,AU,no,2012-07-29T14:00:00,A collection of the most important user-interface components for todays websites.,NSW,builtwith.com,+61-300-558745 | +1-650-618-3949,2012-07-29T14:00:00,http://twitter.com/builtwith | http://facebook.com/builtwith | http://linkedin.com/company/builtwith | http://google.com/+builtwithdotcom,jQuery Tools,builtwith.com,BuiltWith,jQuery Plugin,http://flowplayer.org/tools/,2000,support@builtwith.com
Sydney,javascript,,AU,no,2013-12-15T23:00:00,Modernizr version 2.5.*,NSW,builtwith.com,+61-300-558745 | +1-650-618-3949,2014-02-05T23:05:14,http://twitter.com/builtwith | http://facebook.com/builtwith | http://linkedin.com/company/builtwith | http://google.com/+builtwithdotcom,Modernizr 2.5,builtwith.com,BuiltWith,,http://modernizr.com/news/modernizr-25/,2000,support@builtwith.com
Sydney,javascript,,AU,no,2013-12-15T23:00:00,Modernizr allows you to target specific browser functionality in your stylesheet.,NSW,builtwith.com,+61-300-558745 | +1-650-618-3949,2017-03-29T23:00:00,http://twitter.com/builtwith | http://facebook.com/builtwith | http://linkedin.com/company/builtwith | http://google.com/+builtwithdotcom,Modernizr,builtwith.com,BuiltWith,Compatibility,http://www.modernizr.com,2000,support@builtwith.com
Sydney,javascript,,AU,no,2014-01-12T23:00:00,"A simple, lightweight jQuery plugin for reading, writing and deleting cookies.",NSW,builtwith.com,+61-300-558745 | +1-650-618-3949,2015-09-14T17:10:26,http://twitter.com/builtwith | http://facebook.com/builtwith | http://linkedin.com/company/builtwith | http://google.com/+builtwithdotcom,jQuery Cookie,builtwith.com,BuiltWith,Cookie Management | jQuery Plugin,https://github.com/carhartl/jquery-cookie,2000,support@builtwith.com
Sydney,javascript,,AU,no,2014-04-28T01:00:01,Modernizr version 2.7.*,NSW,builtwith.com,+61-300-558745 | +1-650-618-3949,2017-03-29T23:00:00,http://twitter.com/builtwith | http://facebook.com/builtwith | http://linkedin.com/company/builtwith | http://google.com/+builtwithdotcom,Modernizr 2.7,builtwith.com,BuiltWith,,http://modernizr.com,2000,support@builtwith.com
Sydney,javascript,,AU,no,2014-04-28T01:00:01,"A light-weight, customizable lightbox plugin for jQuery.",NSW,builtwith.com,+61-300-558745 | +1-650-618-3949,2014-10-03T04:29:22,http://twitter.com/builtwith | http://facebook.com/builtwith | http://linkedin.com/company/builtwith | http://google.com/+builtwithdotcom,jQuery Colorbox,builtwith.com,BuiltWith,jQuery Plugin,http://colorpowered.com/colorbox/,2000,support@builtwith.com
Sydney,mobile,,AU,no,2014-11-10T02:40:08,Launches a web application for Safari on iOS in full-screen mode to look like a native application. ,NSW,builtwith.com,+61-300-558745 | +1-650-618-3949,2016-12-05T23:00:00,http://twitter.com/builtwith | http://facebook.com/builtwith | http://linkedin.com/company/builtwith | http://google.com/+builtwithdotcom,Apple Mobile Web App Capable,builtwith.com,BuiltWith,,http://developer.apple.com/library/safari/#documentation/appleapplications/reference/SafariHTMLRef/Articles/MetaTags.html,2000,support@builtwith.com
Sydney,mobile,,AU,no,2014-11-10T02:40:08,The website contains code that allows the page to support IPhone / Mobile Content.,NSW,builtwith.com,+61-300-558745 | +1-650-618-3949,2016-12-05T23:00:00,http://twitter.com/builtwith | http://facebook.com/builtwith | http://linkedin.com/company/builtwith | http://google.com/+builtwithdotcom,IPhone / Mobile Compatible,builtwith.com,BuiltWith,,http://apple.com,2000,support@builtwith.com
Sydney,mobile,,AU,no,2014-11-30T02:00:15,Minimizes the status bar that is displayed at the top of the screen on iOS.,NSW,builtwith.com,+61-300-558745 | +1-650-618-3949,2015-10-04T17:20:48,http://twitter.com/builtwith | http://facebook.com/builtwith | http://linkedin.com/company/builtwith | http://google.com/+builtwithdotcom,Apple Mobile Web App Status Bar Style,builtwith.com,BuiltWith,,http://developer.apple.com/library/iOS/#documentation/AppleApplications/Reference/SafariWebContent/ConfiguringWebApplications/ConfiguringWebApplications.html,2000,support@builtwith.com
Sydney,widgets,,AU,no,2014-12-28T23:12:36,WP Super Cache is a page cache generation tool for WordPress.,NSW,builtwith.com,+61-300-558745 | +1-650-618-3949,2015-01-26T11:09:40,http://twitter.com/builtwith | http://facebook.com/builtwith | http://linkedin.com/company/builtwith | http://google.com/+builtwithdotcom,WP Super Cache,builtwith.com,BuiltWith,WordPress Plugins,http://wordpress.org/extend/plugins/wp-super-cache/,2000,support@builtwith.com
Sydney,cms,,AU,maybe,2015-04-28T00:00:00,The leading Open Source Enterprise Content Management system and framework with many extensions available.,NSW,builtwith.com,+61-300-558745 | +1-650-618-3949,2015-07-18T11:12:26,http://twitter.com/builtwith | http://facebook.com/builtwith | http://linkedin.com/company/builtwith | http://google.com/+builtwithdotcom,eZ Systems,builtwith.com,BuiltWith,Enterprise | Open Source,http://ez.no/,2000,support@builtwith.com
Sydney,widgets,,AU,no,2015-12-18T14:58:30,Images on this website may have been sourced from Shutterstock.,NSW,builtwith.com,+61-300-558745 | +1-650-618-3949,2016-12-23T23:00:00,http://twitter.com/builtwith | http://facebook.com/builtwith | http://linkedin.com/company/builtwith | http://google.com/+builtwithdotcom,Shutterstock,builtwith.com,BuiltWith,Image Provider,http://shutterstock.com,2000,support@builtwith.com
Sydney,Web Master,,AU,no,2016-01-04T14:16:36,Site verification for Majestic SEO.,NSW,builtwith.com,+61-300-558745 | +1-650-618-3949,2016-01-10T04:38:48,http://twitter.com/builtwith | http://facebook.com/builtwith | http://linkedin.com/company/builtwith | http://google.com/+builtwithdotcom,Majestic Site Verification,builtwith.com,BuiltWith,,http://www.majesticseo.com/,2000,support@builtwith.com
Sydney,widgets,,AU,no,2016-01-26T02:53:25,Images on this site may have been supplied by iStockPhoto.,NSW,builtwith.com,+61-300-558745 | +1-650-618-3949,2016-02-01T08:45:04,http://twitter.com/builtwith | http://facebook.com/builtwith | http://linkedin.com/company/builtwith | http://google.com/+builtwithdotcom,iStockPhoto,builtwith.com,BuiltWith,Image Provider,http://istockphoto.com,2000,support@builtwith.com
Sydney,widgets,,AU,no,2016-03-27T23:00:00,Images on this site may have been supplied by Fotolia.,NSW,builtwith.com,+61-300-558745 | +1-650-618-3949,2016-04-05T23:00:00,http://twitter.com/builtwith | http://facebook.com/builtwith | http://linkedin.com/company/builtwith | http://google.com/+builtwithdotcom,Fotolia,builtwith.com,BuiltWith,Image Provider,http://fotolia.com,2000,support@builtwith.com
Sydney,ssl,,AU,yes,2016-10-19T23:00:00,Comodo EV MDC  SSL certificate.,NSW,builtwith.com,+61-300-558745 | +1-650-618-3949,2018-02-06T13:00:00,http://twitter.com/builtwith | http://facebook.com/builtwith | http://linkedin.com/company/builtwith | http://google.com/+builtwithdotcom,Comodo EV Multi-Domain,builtwith.com,BuiltWith,Multi Domain | Extended Validation,http://www.instantssl.com/ssl-certificate-products/ssl/ssl-certificate-ev-mdc.html,2000,support@builtwith.com
Sydney,ads,,AU,no,2012-07-29T14:00:00,AdRoll is a retargeting platform with a mission to make display advertising simple for business of all sizes.,NSW,builtwith.com,+61-300-558745 | +1-650-618-3949,2012-09-26T14:00:00,http://twitter.com/builtwith | http://facebook.com/builtwith | http://linkedin.com/company/builtwith | http://google.com/+builtwithdotcom,AdRoll,builtwith.com,BuiltWith,Ad Network | Facebook Exchange | Retargeting / Remarketing,http://adroll.com,2000,support@builtwith.com
Sydney,ads,,AU,no,2012-07-29T14:00:00,A contextual advertising solution for delivering Google AdWords ads that are relevant to site content pages.,NSW,builtwith.com,+61-300-558745 | +1-650-618-3949,2013-05-30T14:00:00,http://twitter.com/builtwith | http://facebook.com/builtwith | http://linkedin.com/company/builtwith | http://google.com/+builtwithdotcom,Google Adsense,builtwith.com,BuiltWith,Contextual Advertising,http://google.com/adsense,2000,support@builtwith.com
Sydney,analytics,,AU,no,2012-07-29T14:00:00,"This free tool in AdWords can show you what happens after customers click your ad (for example, whether they purchased your product, called from a mobile phone or downloaded your app).",NSW,builtwith.com,+61-300-558745 | +1-650-618-3949,2013-05-30T14:00:00,http://twitter.com/builtwith | http://facebook.com/builtwith | http://linkedin.com/company/builtwith | http://google.com/+builtwithdotcom,Google Conversion Tracking,builtwith.com,BuiltWith,Conversion Optimization,https://support.google.com/adwords/answer/1722054,2000,support@builtwith.com
Sydney,framework,,AU,no,2014-03-30T04:38:39,"Java Platform, Enterprise Edition (Java EE) is the industry standard for developing portable, robust, scalable and secure server-side Java applications.",NSW,builtwith.com,+61-300-558745 | +1-650-618-3949,2014-03-30T04:38:39,http://twitter.com/builtwith | http://facebook.com/builtwith | http://linkedin.com/company/builtwith | http://google.com/+builtwithdotcom,J2EE,builtwith.com,BuiltWith,,http://java.sun.com/javaee/,2000,support@builtwith.com
Sydney,ssl,,AU,yes,2016-10-19T23:00:00,Comodo EV MDC  SSL certificate.,NSW,builtwith.com,+61-300-558745 | +1-650-618-3949,2017-04-18T23:00:00,http://twitter.com/builtwith | http://facebook.com/builtwith | http://linkedin.com/company/builtwith | http://google.com/+builtwithdotcom,Comodo EV Multi-Domain,builtwith.com,BuiltWith,Multi Domain | Extended Validation,http://www.instantssl.com/ssl-certificate-products/ssl/ssl-certificate-ev-mdc.html,2000,support@builtwith.com
